A0A1M3ENR5	N.A.	MRLTTLLDTVNNGGSGPWPPGATAPDTLDQLVAELIPCRSNDPELWFAERTAEVERAKALCRTCPLLDGCLAGAIERAEPWGVWGGEVFVAGQVVAVKRGRGRPRKEAKPAA	O = C ( C [NH3+] ) [O-] > N C ( N ) = O	O = C ( C [NH3+] ) [O-] > N C ( N ) = O
C8SY40	1.3.5.2	MYYPFVRKALFQLDPERAHEVTFQQLRRVTGTPLEMLVRQKVPARPVTCMGLTFKNPLGLAAGLDKNGECIDALGAMGFGSIEIGTVTPRPQPGNDKPRIFRLVDAEGLINRMGFNNHGVDNLVENVKKAHFDGVLGINIGKNKDTPVEHGKDDYLICMEKVYPYAGYIAINISSPNTPGLRTLQYGEALDDLLSGIKNKQLELQQKHQKYVPVAVKIAPDLLPEELIQVADSLVRHNIDGVIATNTTLDRSLVQGMKHCDETGGLSGRPLQLKSTEIIRMLSAELNGRLPIIGVGGIDSVIAAREKIAAGASLVQIYSGFIFKGPPLIKEIVTHI	[nH] 1 c ( [nH] c ( c c 1 = O ) C ( = O ) [O-] ) = O > C ( \ C ) ( = C \ C c 1 c ( c ( O ) c ( c ( c 1 O ) O C ) O C ) C ) C C / C = C ( / C C / C = C ( / C C / C = C ( / C C / C = C ( / C C / C = C ( / C C / C = C ( \ C ) C C / C = C ( \ C ) C C / C = C ( / C C C = C ( C ) C ) C ) C ) C ) C ) C ) C	N 1 C ( = O ) N [C@@H] ( C C 1 = O ) C ( = O ) [O-] > C ( \ C C / C = C ( / C C / C = C ( \ C ) C C / C = C ( \ C ) C C / C = C ( \ C ) C C / C = C ( \ C ) C C / C = C ( / C C / C = C ( \ C ) C C C = C ( C ) C ) C ) C ) ( = C / C C / C ( = C / C C 1 = C ( C ) C ( C ( O C ) = C ( C 1 = O ) O C ) = O ) C ) C
A0A239M6T5	N.A.	MATKEKLRKAILNKIKKLSDDKLSNLDAYISDLESHLSTEKSTLSFSGIFKELELTELTSELHKSREDNNERIPQF	* * [Fe+3] 1 ( * * ) [S-2] [Fe+3] ( * * ) ( * * ) [S-2] 1 > O > C [C@H] ( C C C [C@@H] ( C ) [C@H] 1 C C [C@H] 2 [C@H] 3 [C@H] ( C [C@H] ( O ) [C@@] 2 1 C ) [C@@] 1 ( C ) C C [C@@H] ( O ) C [C@H] 1 C [C@H] 3 O ) C ( = O ) [O-]	* * [Fe+3] 1 ( * * ) [S-2] [Fe+3] ( * * ) ( * * ) [S-2] 1 > O > C [C@H] ( C C C [C@@H] ( C ) [C@H] 1 C C [C@H] 2 [C@H] 3 [C@H] ( C [C@H] ( O ) [C@@] 2 1 C ) [C@@] 1 ( C ) C C [C@@H] ( O ) C [C@H] 1 C [C@H] 3 O ) C ( = O ) [O-]
A0A2D0JTX6	2.7.7.7	MSTAITRQIVLDTETTGMNKLGVHYEGHNIIEIGAVEVINRRLTGRHFHIYIKPERLVDPEAFEVHGISDEFLQDKPKFADIADEFIEFIRGAELIIHNATFDIGFMDYEFGKLKRDIPPTADFCTITDSLMLARKLFPGKRNNLDALCDRYHIDNSKRTLHGALLDAEILADVYLAMTGGQTSLAFSMEGEVSGSSQIAEIQKITRPQAGLRIVYASDEELIQHESRLDLVEKKGGSCLWRSKPEQLH	* [C@H] 1 C [C@H] ( O ) [C@@H] ( C O P ( O ) ( = O ) O [C@H] 2 C [C@H] ( * ) O [C@@H] 2 C O P ( = O ) ( O ) O [C@@H] 2 [C@@H] ( C O ) O [C@@H] ( * ) C 2 ) O 1 > P ( = O ) ( O P ( O ) ( [O-] ) = O ) ( [O-] ) [O-]	* [C@@H] 1 O [C@@H] ( [C@H] ( C 1 ) O ) C O P ( [O-] ) ( O P ( = O ) ( [O-] ) O P ( [O-] ) ( = O ) [O-] ) = O
A0A1H3ZB66	N.A.	MLKFISFGSGSSGNCYYLATANDALLIDIGVGLRGLKKNCKDYGCSLSDVHHVLITHDHADHIKSVGSFSHDYGVPVYATQEVHQGINRNYCITKKIAPEFTRLIEKGKTIQIGEFRVTPFEVPHDSSDNVGYMIEAEGVTFCIITDAGRVTDGMKPYISRANYLVLEANHDVEMVQNGPYPQFLKERILSQTGHLNNRESGEALAENMTEQLRHVWLCHLSEENNHPELARKTVESVLRSYGIIAGKDIQLEVLKRTTPTGPYELAIE	[C@@H] ( C O ) ( [C@@H] ( O ) [C@H] ( O ) C ( C O ) = O ) O > [H+] > [O-] P ( O C [C@@H] 1 [C@H] ( [C@H] ( [C@@H] ( O 1 ) n 1 c n c 2 c ( N ) n c n c 1 2 ) O P ( = O ) ( [O-] ) [O-] ) O ) ( = O ) O P ( = O ) ( O C [C@@H] 1 [C@@H] ( O ) [C@H] ( [C@H] ( N 2 C = C ( C ( N ) = O ) C C = C 2 ) O 1 ) O ) [O-]	[C@@H] ( C O ) ( [C@@H] ( O ) [C@H] ( O ) C ( C O ) = O ) O > [H+] > [O-] P ( O C [C@@H] 1 [C@H] ( [C@H] ( [C@@H] ( O 1 ) n 1 c n c 2 c ( N ) n c n c 1 2 ) O P ( = O ) ( [O-] ) [O-] ) O ) ( = O ) O P ( = O ) ( O C [C@@H] 1 [C@@H] ( O ) [C@H] ( [C@H] ( N 2 C = C ( C ( N ) = O ) C C = C 2 ) O 1 ) O ) [O-]
R8KXD6	2.7.1.25	MDTNITWHAASVSKEERRVKNGHHSFVIWFTGLSASGKSTVANAVARKLFENNIGNYVLDGDNIRHGLNKDLGFSESERMENIRRIGEVAKLFVDEGTVVLTAFISPYRVDRKQVRDLLAANEFIEVFVKCPIEECEKRDPKGLYKKARQGDIKQFTGIDSPYEEPEREELIVETHKYSIEECAEQIVKYLQERSFI	N c 1 n c n c 2 c 1 n c n 2 [C@@H] 1 O [C@H] ( C O P ( = O ) ( [O-] ) O S ( = O ) ( = O ) [O-] ) [C@@H] ( O ) [C@H] 1 O > N c 1 n c n c 2 c 1 n c n 2 [C@@H] 1 O [C@H] ( C O P ( = O ) ( [O-] ) O P ( = O ) ( [O-] ) O P ( = O ) ( [O-] ) [O-] ) [C@@H] ( O ) [C@H] 1 O	N c 1 n c n c 2 c 1 n c n 2 [C@@H] 1 O [C@H] ( C O P ( = O ) ( [O-] ) O S ( = O ) ( = O ) [O-] ) [C@@H] ( O P ( = O ) ( [O-] ) [O-] ) [C@H] 1 O > [H+] > N c 1 n c n c 2 c 1 n c n 2 [C@@H] 1 O [C@H] ( C O P ( = O ) ( [O-] ) O P ( = O ) ( [O-] ) [O-] ) [C@@H] ( O ) [C@H] 1 O
A0A7X8GNF6	N.A.	MVETNKTAAEIFDDDYGEKWFSDTASFEEDLPFVWGRKWSVSSEVGRLKACLVRRPGKEIEAVKNPADWRWGAVMDPQKARDQHDAFTQVYRDHGVDVFYVEEQREDRPNAIFMRDNVLGTPEGAILCRQATRFRRGEEAAVAKTLTKIGCPIVRTISGKGFFEGACAMWIDRQTVILGSGVRSNAEGIRQVEEVLRPMGVDNILHYQIPWGHAHLDGLMNPVDRRKILIFPWQTPYDVIEPLRKMGFELIEAPSIEEVKHGMAVNLVAIAPGLVVMPAGNPQTQKALEKAGIEVIPVDVSELMKGYGSLHCMTAFLEREEA	N c 1 n c n c 2 c 1 n c n 2 [C@@H] 1 O [C@H] ( C O P ( = O ) ( [O-] ) O P ( = O ) ( [O-] ) [O-] ) [C@@H] ( O ) [C@H] 1 O > [H+] > [NH3+] [C@@H] ( C C C ( = O ) [O-] ) C ( = O ) [O-] > O = P ( [O-] ) ( [O-] ) O	N c 1 n c n c 2 c 1 n c n 2 [C@@H] 1 O [C@H] ( C O P ( = O ) ( [O-] ) O P ( = O ) ( [O-] ) [O-] ) [C@@H] ( O ) [C@H] 1 O > [H+] > [NH3+] [C@@H] ( C C C ( = O ) [O-] ) C ( = O ) [O-] > O = P ( [O-] ) ( [O-] ) O
A0A010W8X0	4.2.1.17	MIHAGNAITVQMLSDGIAEFRFDLQGESVNKFNRATIEDFQAAIAAVKANNDIKGLVVTSGKSTFIVGADITEFGENFAQGEKAIVDWLMPVHEIFNSFEDLEIPKVVAINGMALGGGFEMCLVCDYRVMSEAAQVGLPEIKLGIYPGFGGSVRLSRLIGIDNAVEWMAMAAPKKPAAALKDGAVDAVVAADKLLEAATDLVKQAISGRLNWKAKRQEKLEAVKLNPLEQMMAFNTAKGAVLAKANPAQYPAPKLLLDSLQAGASLARDEALKAEAEGFAKAAITPQAGALIGLFLNDQVVKKTAKKYEKGAHPVNQAAVLGAGIMGGGIAYQAASKGTPIIMKDIGNPQLALGMKEANSLLTKQVERKKMKPAQMGETLARIRPTLSYDEFKEVDIVIEAVTENPKVKEMVLADTEKNVRENTIIASNTSTISITRLAKALQRPENFVGMHFFNPVHMMPLVEVIRGEKTSEEAIATTVVLAQKMGKTPIVVNDCPGFLVNRVLFPYFGAFDLLVKDGADFQQVDNVMSKFGWPMGPAYLIDVVGIDTGVHGAEVMAEGFPDRMKPDYKGSIQAMYEAKRLGQKNDVGFYKYELDKKGKKAKTVDPTAYEIIAPFVTGEKREFDNQEIIDRMMLAFCNETVRCLEDNIVATAAEADMAMIMGVGFPPFRGGPCRYIDQTGVAEYVALCDKYAHLGKAYEAPQMLRDMAANNKKFYG	C C C C C C C C C C C C C / C = C / C ( = O ) S C C N C ( = O ) C C N C ( = O ) [C@H] ( O ) C ( C ) ( C ) C O P ( = O ) ( [O-] ) O P ( = O ) ( [O-] ) O C [C@H] 1 O [C@@H] ( n 2 c n c 3 c ( N ) n c n c 3 2 ) [C@H] ( O ) [C@@H] 1 O P ( = O ) ( [O-] ) [O-] > O	C C C C C C C C C C C C C [C@H] ( O ) C C ( = O ) S C C N C ( = O ) C C N C ( = O ) [C@H] ( O ) C ( C ) ( C ) C O P ( = O ) ( [O-] ) O P ( = O ) ( [O-] ) O C [C@H] 1 O [C@@H] ( n 2 c n c 3 c ( N ) n c n c 3 2 ) [C@H] ( O ) [C@@H] 1 O P ( = O ) ( [O-] ) [O-]
C4ZLU7	N.A.	MESVHPHARRRLLARLADARAVDLVVVGGGATGLGCALDAAARGHSVLLVEARDFAAGTSSRSTKLIHGGVRYLAQGRIGLVREALRERGRLLRNAPALVHPLRFVVPARNLAERLLLRLGLGAYDALAGRDGLGGCTLLDAAGLHAALPGLREEGLGGGVAFRDAQFDDAGLALALARTASAHGALLLNHCAAHELVVEDGRLRGVVVREAEGGQAHHVAARAVINATGVWGDTLRRRADPAARALLRPSQGVHLVVDADCLPGSDALLVPRTPDGRVLFMIPWCGKVLIGTTDTPRADTPAEPEPLAGEVDELLAAAARWLRRPPAREAVRSVFVGLRPLLGEDGGDGASSRLSREHRVEVSAQGLVSVLGGKWTTYRAMAEQAVDAAEVVGGLARRASPTASLALDCGVCAGEAGEADLPGAPPGLPPGVLPGAAAVRRALREDFALSVEDVLARRSRALFLDAAAAAAVAPAVADLLAAELGWSAQRRAAELATFRALAARYGTRSRTTASSPPSG	C C C C C / C = C \ C / C = C \ C C C C C C C C ( = O ) O C [C@H] ( C O [C@@H] 1 O [C@H] ( C O ) [C@H] ( O ) [C@H] ( O ) [C@H] 1 O ) O C ( = O ) C C C C C C C / C = C \ C / C = C \ C C C C C	C C C C C / C = C \ C / C = C \ C C C C C C C C ( = O ) O C [C@H] ( C O [C@@H] 1 O [C@H] ( C O ) [C@H] ( O ) [C@H] ( O ) [C@H] 1 O ) O C ( = O ) C C C C C C C / C = C \ C / C = C \ C C C C C
Q0BPD9	6.1.1.2	MKRIFSGIQPSGIPTLGNYLGALRNWVTLQDTHECLYCVVDMHAITVAQDPEKLRQSTREMAASVIACGVDPARNILFVQSSVSAHARLAWIFNCVARLGWLNRMTQFKDKAGKDRENASAGLYVYPNLMAADILAYHATLVPVGDDQRQHLELTNDIAEKFNHDFGVAFFPHVEPLIQGPAARVMSLRDGLRKMSKSDPSDQSRINLSDDADTIAMKIRRAKTDPEPLPEDIDGLEGRPEARNLVGIYAALTNSDTATVLREHGGKGFGPYKEALTELLVQELSPIAAETRRLLADEAELDRLLHDGGRRAEAIAEPIVAEAEKLVGFLRV	O = P ( [O-] ) ( [O-] ) O P ( = O ) ( [O-] ) O > N c 1 n c n c 2 c 1 n c n 2 [C@@H] 1 O [C@H] ( C O P ( = O ) ( [O-] ) [O-] ) [C@@H] ( O ) [C@H] 1 O > * [C@@H] 1 O [C@H] ( C O ) [C@@H] ( O P ( = O ) ( O ) O C [C@H] 2 O [C@@H] ( * ) [C@H] ( O ) [C@@H] 2 O P ( = O ) ( O ) O C [C@H] 2 O [C@@H] ( n 3 c n c 4 c ( N ) n c n c 4 3 ) [C@H] ( O C ( = O ) [C@@H] ( N ) C c 3 c [nH] c 4 c c c c c 3 4 ) [C@@H] 2 O ) [C@H] 1 O	N c 1 n c n c 2 c 1 n c n 2 [C@@H] 1 O [C@H] ( C O P ( = O ) ( [O-] ) O P ( = O ) ( [O-] ) O P ( = O ) ( [O-] ) [O-] ) [C@@H] ( O ) [C@H] 1 O > [NH3+] [C@@H] ( C c 1 c [nH] c 2 c c c c c 1 2 ) C ( = O ) [O-] > * O P ( = O ) ( [O-] ) O C [C@H] 1 O [C@@H] ( n 2 c c c ( N ) n c 2 = O ) [C@H] ( O ) [C@@H] 1 O P ( = O ) ( [O-] ) O C [C@H] 1 O [C@@H] ( n 2 c c c ( N ) n c 2 = O ) [C@H] ( O ) [C@@H] 1 O P ( = O ) ( [O-] ) O C [C@H] 1 O [C@@H] ( n 2 c n c 3 c ( N ) n c n c 3 2 ) [C@H] ( O ) [C@@H] 1 O
A0A7U5VTV7	N.A.	MRAPHPACAPLPQDHQKMHSDANVDLTEIAKFEAIASRWWDMEGEFKPLHQINPVRLDWITDKSGGLFGKRILDIGCGGGILAESMARRGAQVTGIDMGKEPLGVARLHALEAGVELEYRQITAEAHADEAPGQYDVVTCMEMLEHVPDPASVLRAIATLVRPGGKVFVSTINRNPKAYLMMILGAEYLMKMVPKGTHDHKKFITPAELCRMGEAAGLLVRDMSGVHYAPLSNSFKLGRNVDVNYMVAFERPEQG	O [C@@H] 1 [C@@H] ( [C@H] ( O [C@H] 1 n 1 c ( = O ) [nH] c ( = O ) c c 1 ) C O P ( O P ( [O-] ) ( [O-] ) = O ) ( = O ) [O-] ) O > [H+] > [C@@] ( O [C@@H] 1 O [C@@H] ( [C@@H] ( O ) [C@H] ( O ) [C@H] 1 O ) C O [C@@H] 1 O [C@H] ( C O ) [C@H] ( [C@@H] ( [C@H] 1 O ) O ) O ) ( [C@@H] 1 [C@@H] 2 [C@] ( C C 1 ) ( C ) [C@@] 1 ( C C [C@H] 3 C ( C ) ( [C@H] ( C C [C@] 3 ( C ) [C@H] 1 C [C@H] 2 O ) O [C@@H] 1 O [C@@H] ( [C@@H] ( O ) [C@@H] ( [C@H] 1 O [C@H] 1 [C@H] ( O ) [C@@H] ( O ) [C@H] ( O ) [C@@H] ( C O ) O 1 ) O ) C O ) C ) C ) ( C ) C C C = C ( C ) C	O [C@@H] 1 [C@@H] ( [C@H] ( O [C@H] 1 n 1 c ( = O ) [nH] c ( = O ) c c 1 ) C O P ( O P ( [O-] ) ( [O-] ) = O ) ( = O ) [O-] ) O > [H+] > [C@@] ( O [C@@H] 1 O [C@@H] ( [C@@H] ( O ) [C@H] ( O ) [C@H] 1 O ) C O [C@@H] 1 O [C@H] ( C O ) [C@H] ( [C@@H] ( [C@H] 1 O ) O ) O ) ( [C@@H] 1 [C@@H] 2 [C@] ( C C 1 ) ( C ) [C@@] 1 ( C C [C@H] 3 C ( C ) ( [C@H] ( C C [C@] 3 ( C ) [C@H] 1 C [C@H] 2 O ) O [C@@H] 1 O [C@@H] ( [C@@H] ( O ) [C@@H] ( [C@H] 1 O [C@H] 1 [C@H] ( O ) [C@@H] ( O ) [C@H] ( O ) [C@@H] ( C O ) O 1 ) O ) C O ) C ) C ) ( C ) C C C = C ( C ) C
A0A4R6JUL9	2.6.1.13	MTSVDMLRTPAELAEAERYTAHNYHPLPVVIAEGEGAWVTDVDGRRYLDFLAGYSALNFGHRHPGLIAAAHAQLDRITLTSRAFVHDQFAEFCRTLAELCGKDLVLPMNTGAEAVETAIKVSRKWGYRVKGVPDGQAEIIVAAGNFHGRTTTIVSFSTDPEAKADFGPYTPGFVVVPYGDETALGAAITPNTVAVLMEPIQGEAGVLVPPRGYFAAVRALCDEHNVLMVADEIQSGLGRTGRTFAIEHEGVVPDMYVLGKALGGGVVPVSAVAADRDVLGVLKPGEHGSTFGGNPLACAVGGEVVRLLATGEFQQRSAELGEHLHARLNALIGHGVIAVRGRGLWAGVDIDPALLTGRQACESLAARGVLAKDTHGSTIRLAPPLVVTKDEIDHAVDQLAAVLADSHQ	[NH3+] [C@@H] ( C C C = O ) C ( = O ) [O-] > [NH3+] [C@@H] ( C C C ( = O ) [O-] ) C ( = O ) [O-]	O = C ( [O-] ) C C C ( = O ) C ( = O ) [O-] > [NH3+] C C C [C@H] ( [NH3+] ) C ( = O ) [O-]
A0A7C6DCK3	N.A.	MVGKIPDYFYTEFEFSKYDKKVLKCLEGQFPTTCKYYLSTNTVRIILNKETCNKCPYREQCRPKFHKKKSSKTISHKTVLRARQLRYMKTSEFKDFAKNRNGVESIPSTLRRKYEVDRIPVRGLLCTIMLEE	C C ( C ) C [C@H] ( [NH3+] ) C ( = O ) [O-]	C C ( C ) C [C@H] ( [NH3+] ) C ( = O ) [O-]
A0A4U7BIZ8	2.7.1.130	MSEDKKYKLWLDRYFFNPSFFQKCLAYTLLPLSMLYALIAILNTCFRKKINFEKPVISVGNLSFGGNGKTPLCKAIAGEFENVFIVLRGYKRKSKGLVVVKCNDEILVDVLQSGDEAMEYAFEEKISGVLVSENRVEGIKKAFDLGAKVVLLDDAFSKFHIQKFDILLESQVKPYFNFTLPSGVYRLPKFYSKKADFIALEGRDFIRYSYTKENPKAILVTAIAKPFRLYEHFIKARACYFFKDHYEFKKDELEDLLKKHNCDTLMLTFKDYVKVKDFGFKCQIIELNIELKENFKERLHQYVRSFD	[H+] > N c 1 n c n c 2 c 1 n c n 2 [C@@H] 1 O [C@H] ( C O P ( = O ) ( [O-] ) O P ( = O ) ( [O-] ) [O-] ) [C@@H] ( O ) [C@H] 1 O > C C C C C C C C C C C [C@@H] ( O ) C C ( = O ) N [C@H] 1 [C@@H] ( O P ( = O ) ( [O-] ) [O-] ) O [C@H] ( C O [C@@H] 2 O [C@H] ( C O ) [C@@H] ( O P ( = O ) ( [O-] ) [O-] ) [C@H] ( O C ( = O ) C [C@H] ( O ) C C C C C C C C C C C ) [C@H] 2 N C ( = O ) C [C@H] ( O ) C C C C C C C C C C C ) [C@@H] ( O ) [C@@H] 1 O C ( = O ) C [C@H] ( O ) C C C C C C C C C C C	N c 1 n c n c 2 c 1 n c n 2 [C@@H] 1 O [C@H] ( C O P ( = O ) ( [O-] ) O P ( = O ) ( [O-] ) O P ( = O ) ( [O-] ) [O-] ) [C@@H] ( O ) [C@H] 1 O > C C C C C C C C C C C [C@@H] ( O ) C C ( = O ) N [C@H] 1 [C@H] ( O C [C@H] 2 O [C@H] ( O P ( = O ) ( [O-] ) [O-] ) [C@H] ( N C ( = O ) C [C@H] ( O ) C C C C C C C C C C C ) [C@@H] ( O C ( = O ) C [C@H] ( O ) C C C C C C C C C C C ) [C@@H] 2 O ) O [C@H] ( C O ) [C@@H] ( O ) [C@@H] 1 O C ( = O ) C [C@H] ( O ) C C C C C C C C C C C
A0A433K394	N.A.	MTREKTDTEKVVQPVEDYVKDAAQKQENFNKTEQYKRKLQEFQEGQAQEQRLFQQRLSEFVNKYARRNDKGEVVGGPWETSDEHAKKGLDSETTAFNSEWKNAMLSLLGSFGKMCEAMNYSLETNETIGKMAIKHAIKTAVSGYFNKPSEPDLTKTGKAQLPVLMHHVTLDADNKLQVRIAKDNMPMKDDFNKLFKSLVTHWLEKNGYKPGQTPETQDQYFAQDGTKLTQAKMKDLQEGEHSLQNFLEENSSLTYQSTPTLS	* O P ( = O ) ( [O-] ) O C [C@H] 1 O [C@@H] ( n 2 c c c ( = O ) [nH] c 2 = O ) [C@H] ( O ) [C@@H] 1 O P ( = O ) ( [O-] ) O * > C [S@@+] ( C C [C@H] ( [NH3+] ) C ( = O ) [O-] ) C [C@H] 1 O [C@@H] ( n 2 c n c 3 c ( N ) n c n c 3 2 ) [C@H] ( O ) [C@@H] 1 O	* O P ( = O ) ( [O-] ) O C [C@H] 1 O [C@@H] ( n 2 c c c ( = O ) [nH] c 2 = O ) [C@H] ( O ) [C@@H] 1 O P ( = O ) ( [O-] ) O * > C [S@@+] ( C C [C@H] ( [NH3+] ) C ( = O ) [O-] ) C [C@H] 1 O [C@@H] ( n 2 c n c 3 c ( N ) n c n c 3 2 ) [C@H] ( O ) [C@@H] 1 O
A0A1I4RJQ6	3.2.1.52	MEKFFFFLIFFVSFYSNSQDQLSNNTIIPSPNYYKSNGDSLIIKGKVKIQFEKKVFSDKELKTARILEDILNTKLSNQKTNCSIQFNTTDNTLPNKESYKIKITANGIFITGQEEGLFYAVQTLLQLLPNHLSSNNEVKIPCIEIEDQPRYSYRGLLLDVSRHFFSTTVIKDLIKQMSYYKLNTFHWHLTDDQGWRIEIKKYPKLTEIGSKRAQTLVGNKFERFPRFFDGNPYGGYYTQDEIKEIVKYAENHYVNIIPEIEMPGHASAAVASYHNLACFPSSDFKVIESWGVFEDVYCAGKEETFTFLEDVLKEVLSLFPSKYIHIGGDECPKTKWKQCPNCQKRIKELNLKDEHELQSYFIKRIEKYLNTNDRQIFGWDEILEGGLAPNAAVMSWRGESGGISAAKQKHPVIMTPEDYVYFDHNQGYSLQEPLSVGRLTTLEEVYHYNPTPEHELSPEEQHYIKGVQANVWSEYITSAAKLNYMLYPRLFALSEIAWTKTEHKNYTNFMLVKIPYHLEKLEKQNKLYKPPTPLGITNTALEASKFTLDIKPTLKNGQIFYSIDGYDPDQTSRRYTEPVTINIPKGEFRTIKTIQISESGKRSSINKVIIKNSETLAAQKVKATKTGLKYYYFQDLFQQTNELDTAQFLRSGIHKGTIGITDFKSKEIRYFGLKLEGYLYIPETSSYTLSCIADDGAKLYIDNEIIIDNDGRHWINEAFGAVKLEKGFHKFNLSYFDADGSAELKCYIQQEGKEKKELNSEQLFYE	C ( [C@H] 1 O C ( O ) [C@@H] ( [C@@H] ( O ) [C@@H] 1 O ) N C ( = O ) C ) O > C ( = O ) ( N [C@@H] 1 [C@H] ( [C@@H] ( [C@H] ( O C 1 O ) C O ) O [C@H] 1 [C@@H] ( [C@H] ( [C@@H] ( [C@@H] ( C O ) O 1 ) O ) O ) N C ( C ) = O ) O ) C	[C@H] 1 ( O ) [C@H] ( O [C@@H] 2 O [C@H] ( C O ) [C@H] ( [C@@H] ( [C@H] 2 N C ( C ) = O ) O ) O ) [C@@H] ( C O ) O [C@H] ( [C@@H] 1 N C ( = O ) C ) O [C@H] 1 [C@H] ( O ) [C@H] ( C ( O ) O [C@@H] 1 C O ) N C ( C ) = O > O
A0A7C6YXZ7	N.A.	MLGELFSPVWWQQSLLLLPLLLMSFAYHEYAHALVAYRLGDSSQKEKGRLTTNPFKHINLLGFLAFFLTGFGWAKAVRTDNSAFKNPKRDLALVALSGPFANLLLAVFFNILLFLFRLFVSEAALKTSMFLAITEVFLFYGIYFNIVQVALNLLPIPPLDGSRVLYSILPSSLLNSVYLLERIGPYILIFLVFSGVIGRILNPIIDFLITGLFLIYRVFQ	[H+] > O = P ( [O-] ) ( [O-] ) O P ( = O ) ( [O-] ) O > N c 1 n c n c 2 c 1 n c n 2 [C@@H] 1 O [C@H] ( C O P ( = O ) ( [O-] ) [O-] ) [C@@H] ( O ) [C@H] 1 O > C C / C = C \ C C 1 C ( = O ) C C C 1 C C ( = O ) N [C@@H] ( C C C ( N ) = O ) C ( = O ) [O-]	[H+] > O = P ( [O-] ) ( [O-] ) O P ( = O ) ( [O-] ) O > N c 1 n c n c 2 c 1 n c n 2 [C@@H] 1 O [C@H] ( C O P ( = O ) ( [O-] ) [O-] ) [C@@H] ( O ) [C@H] 1 O > C C / C = C \ C C 1 C ( = O ) C C C 1 C C ( = O ) N [C@@H] ( C C C ( N ) = O ) C ( = O ) [O-]
A0A439BHH7	1.1.1.100	MQFTGKNVLITGASKGIGAEIAKTLASMGLKVWINYRSNAEVADALKNELEEKGYKAAVIKFDAASESDFVEAIQTIVQSDGGLSYLVNNAGVVRDKLAIKMKTEDFHHVIENNLTSAFIGCREALKVMSKSRFGSVVNVASIIGERGNMGQTNYSASKGGMIAMSKSFAYEGALRNVRFNSVTPGFIETDMNANLKDELKADYVKNIPLNRLGSAKEVAEAVAFLLSDHSSYITGETLKVNGGLYM	* N [C@@H] ( C O P ( = O ) ( [O-] ) O C C ( C ) ( C ) [C@@H] ( O ) C ( = O ) N C C C ( = O ) N C C S C ( = O ) C [C@H] ( O ) C C C / C = C \ C C C C C C C C ) C ( * ) = O > N C ( = O ) c 1 c c c [n+] ( [C@@H] 2 O [C@H] ( C O P ( = O ) ( [O-] ) O P ( = O ) ( [O-] ) O C [C@H] 3 O [C@@H] ( n 4 c n c 5 c ( N ) n c n c 5 4 ) [C@H] ( O P ( = O ) ( [O-] ) [O-] ) [C@@H] 3 O ) [C@@H] ( O ) [C@H] 2 O ) c 1	* N [C@@H] ( C O P ( = O ) ( [O-] ) O C C ( C ) ( C ) [C@@H] ( O ) C ( = O ) N C C C ( = O ) N C C S C ( = O ) C C ( = O ) C C C / C = C \ C C C C C C C C ) C ( * ) = O > N C ( = O ) C 1 = C N ( [C@@H] 2 O [C@H] ( C O P ( = O ) ( [O-] ) O P ( = O ) ( [O-] ) O C [C@H] 3 O [C@@H] ( n 4 c n c 5 c ( N ) n c n c 5 4 ) [C@H] ( O P ( = O ) ( [O-] ) [O-] ) [C@@H] 3 O ) [C@@H] ( O ) [C@H] 2 O ) C = C C 1
A0A2E0MYR5	N.A.	MSKQASFSEMVDGSPEDYLIIAEHAAKFAKQLPDRILDHLAVLKGDTGGFAVDRLTHSIQTATRAFKDGRDQEYVVCALLHDIGDTIACANHADLAATMLEPFVSEKNHWIVKHHGIFQGYYFFEYVGLDKNLRDQFKGHEYWNDCAEFCSKYDQNSFDPNYENMTVEEFEPMVREVFSKPKNSIYLKRDY	O c 1 n c ( O ) n c ( O ) n 1 > N C 1 C C 1	O c 1 n c ( O ) n c ( O ) n 1 > N C 1 C C 1
S7JJQ4	3.1.4.1	MPPLPTLPDDYYLNNFRKLTSHALEWYSDLLTDEERRWLADFDRLSHGGQCLLVRLLSRRGNWFRSDKAEYKEIGDQQQALSELAALGFITLNPDADISTLAEKLLTKAEIIALFPTLPKQSRKEALLAQLSQQIIAKEIGLPFSVIYLNQGEMIELLLVLFFANTHQDFSQFVLDDLGLNNFERYQLSRERRFFQDREQVEVLRKLTHIQSLYDLCPKPTPTELDEWQRLLPEPCEHPSIERKRQHLMNQLARDYERHQAFAPALMLYRQTQVMPTRERQARILDKQQQIQAMRDIVTEMLDTPLNYSELEVAQKLNQRVLRLQGQKVPRTIKPAHNTLHLELDLSQQRVELAVKSHFEQIGYQVYYLENQFLNTLFGLTFWDAIFAPVEGAFINRYQHRPLDLYHDDFVLKRQSYIESAIAELMNDGVKPLWLRWQNKFSIANPFVFWTDCDESLFELTEQSFPRALLVDLFKVQLSDLKLYRNGMPDLILFKDGEFEWVEVKGPGDKLQDNQWRWIEQFSRLNVPFSVCYVNHTV	[H+] > [O-] P ( O C [C@@H] 1 [C@H] ( [C@@H] ( O ) [C@@H] ( O 1 ) n 1 c n c 2 c ( N ) n c n c 1 2 ) O ) ( O P ( [O-] ) ( = O ) [O-] ) = O > [C@H] 1 ( O ) [C@H] ( [C@H] ( n 2 c 3 c ( n c 2 ) c ( n c n 3 ) N ) O [C@@H] 1 C O P ( [O-] ) ( [O-] ) = O ) O	P ( O P ( = O ) ( O P ( [O-] ) ( = O ) O C [C@H] 1 O [C@H] ( [C@@H] ( [C@@H] 1 O ) O ) n 1 c 2 c ( c ( N ) n c n 2 ) n c 1 ) [O-] ) ( = O ) ( [O-] ) O C [C@H] 1 O [C@H] ( [C@H] ( O ) [C@@H] 1 O ) n 1 c 2 c ( n c 1 ) c ( N ) n c n 2 > O
A0A0R2B713	N.A.	MAKLLDGTTLTDEQQQFFNDSMVFLSTSDTTGHPQLGPKGSLHVLDANHLIYFEYTFDHAYANVKANDHVAAAAWDVKNHLAFRVNGTAHLHEDDDFAKKALEGSKLDHAAVVVIDVEQIFALA	C [C@H] 1 C [C@@H] ( C ) C ( = O ) [C@H] ( C ) [C@@H] ( O ) [C@@H] ( C ) [C@@H] ( C ) O C ( = O ) [C@H] ( C ) [C@@H] ( O ) [C@H] ( C ) [C@H] 1 O > O = O > N C ( = O ) C 1 = C N ( [C@@H] 2 O [C@H] ( C O P ( = O ) ( [O-] ) O P ( = O ) ( [O-] ) O C [C@H] 3 O [C@@H] ( n 4 c n c 5 c ( N ) n c n c 5 4 ) [C@H] ( O P ( = O ) ( [O-] ) [O-] ) [C@@H] 3 O ) [C@@H] ( O ) [C@H] 2 O ) C = C C 1	C [C@H] 1 C [C@@H] ( C ) C ( = O ) [C@H] ( C ) [C@@H] ( O ) [C@@H] ( C ) [C@@H] ( C ) O C ( = O ) [C@H] ( C ) [C@@H] ( O ) [C@H] ( C ) [C@H] 1 O > O = O > N C ( = O ) C 1 = C N ( [C@@H] 2 O [C@H] ( C O P ( = O ) ( [O-] ) O P ( = O ) ( [O-] ) O C [C@H] 3 O [C@@H] ( n 4 c n c 5 c ( N ) n c n c 5 4 ) [C@H] ( O P ( = O ) ( [O-] ) [O-] ) [C@@H] 3 O ) [C@@H] ( O ) [C@H] 2 O ) C = C C 1
A0A3M8HF61	4.1.1.37	MKAINDTLLRAARGERTEYTPVWYMRQAGRSQPEYRKIKEKYSLEEITHQPELCAYVTRLPVENYNVDAAILYKDIVTPLPGIGVDVKIKAGVGPVISNPIRTVADVEKLGEFNAKEHTPFVLETIKLLTEEQLNVPLIGFAGAPFTLASYMIEGGPSRNYNKTKSFMVSEPKAWFALMDKLGDMIINDVTAQIEAGAKAIQVFDSWVGALNVEDYRVFIKPVMTRIFAELRKENVPLIQFGVGASHLVNEWNDLPIDVVGLDWRMPIRKARELGVQKAVQGNLDPSLLLADWSVIEQRTKDIIDQGLEVPGHIFNLGHGVFPEVNPDVLKRLTTFIHEYSRERVSQLGQ	O = C = O > C c 1 c 2 [nH] c ( c 1 C C C ( = O ) [O-] ) C c 1 [nH] c ( c ( C C C ( = O ) [O-] ) c 1 C ) C c 1 [nH] c ( c ( C C C ( = O ) [O-] ) c 1 C ) C c 1 [nH] c ( c ( C ) c 1 C C C ( = O ) [O-] ) C 2	[H+] > O = C ( [O-] ) C C c 1 c 2 [nH] c ( c 1 C C ( = O ) [O-] ) C c 1 [nH] c ( c ( C C ( = O ) [O-] ) c 1 C C C ( = O ) [O-] ) C c 1 [nH] c ( c ( C C ( = O ) [O-] ) c 1 C C C ( = O ) [O-] ) C c 1 [nH] c ( c ( C C C ( = O ) [O-] ) c 1 C C ( = O ) [O-] ) C 2
A0A358SMH7	N.A.	MGSVPVTQPPAIVVAGLRKNYGRLCAVDGLSFQVRRGEIYAILGPNGAGKTTTVEILEGHRKRSSGLVQVLGFDPGTAGRQFRERIGIVLQSGGIDAELTVREAVALYASFYARPRDVPGTIEQVGLAGKGRARVRTLSGGQSRRLDLALALIGDPELLFLDEPTTGFDPNARRDAWDMIAGLRRSGTTILLTSHYLDEVQHLADRVAVLSHGRLVEESTPDALGGRDIAGTVIRFRLPAGMPAAELPAGPWDLPEARDGEVTMRTDEPTRVLLSLTRWAVDHGVELDGLTVLQPSLEDAYLRITGQESIGGRRGR	[H+] > C 1 C 2 C C [C@@H] 3 [C@] ( C ) ( C C C [C@@] 3 ( C ) C = O ) C = 2 C C C = 1 C ( C ) C > P ( O C [C@H] 1 O [C@@H] ( n 2 c 3 c ( n c 2 ) c ( N ) n c n 3 ) [C@@H] ( [C@@H] 1 O ) O P ( [O-] ) ( [O-] ) = O ) ( O P ( = O ) ( O C [C@H] 1 O [C@@H] ( N 2 C = C C C ( C ( = O ) N ) = C 2 ) [C@@H] ( [C@@H] 1 O ) O ) [O-] ) ( = O ) [O-]	[H+] > C 1 C 2 C C [C@@H] 3 [C@] ( C ) ( C C C [C@@] 3 ( C ) C = O ) C = 2 C C C = 1 C ( C ) C > P ( O C [C@H] 1 O [C@@H] ( n 2 c 3 c ( n c 2 ) c ( N ) n c n 3 ) [C@@H] ( [C@@H] 1 O ) O P ( [O-] ) ( [O-] ) = O ) ( O P ( = O ) ( O C [C@H] 1 O [C@@H] ( N 2 C = C C C ( C ( = O ) N ) = C 2 ) [C@@H] ( [C@@H] 1 O ) O ) [O-] ) ( = O ) [O-]
U2R0B1	1.1.1.94	MKTVVIGSGSWGTALAQVLADNKEEVIIYGIEKSEIDDINLNHENSKYFEGVELNPNLKATDDITVVKDADIVLLAVPTFAIEGICLQIDPYLKNNIIVVNVSKGFHPETSERMSEVIRRCISKEHLSSVVSLIGPSHAEEVVIRLLTTIDAVSLKEEDAQAIQRTFSNNYLRIYTGDDEIGSELGVAIKNVMAIASGILSGLGYQDNTRAALITRGLQEMIRYGVFFGGKQQTFMGLTGIGDLIVTCTSIHSRNFEAGYQIGKENDVTNFLKYNKKTVEGVRTAKIVHKVAKENNIDMPICEEVYQILFEGKEPKTCANDLMLRELKKEF	O = P ( [O-] ) ( [O-] ) O C [C@H] ( O ) C O > N C ( = O ) c 1 c c c [n+] ( [C@@H] 2 O [C@H] ( C O P ( = O ) ( [O-] ) O P ( = O ) ( [O-] ) O C [C@H] 3 O [C@@H] ( n 4 c n c 5 c ( N ) n c n c 5 4 ) [C@H] ( O ) [C@@H] 3 O ) [C@@H] ( O ) [C@H] 2 O ) c 1	O = C ( C O ) C O P ( = O ) ( [O-] ) [O-] > [H+] > N C ( = O ) C 1 = C N ( [C@@H] 2 O [C@H] ( C O P ( = O ) ( [O-] ) O P ( = O ) ( [O-] ) O C [C@H] 3 O [C@@H] ( n 4 c n c 5 c ( N ) n c n c 5 4 ) [C@H] ( O ) [C@@H] 3 O ) [C@@H] ( O ) [C@H] 2 O ) C = C C 1
A0A1H7WUN3	N.A.	MTADTTPAPKAEAAVRCTGLTYSFGATRAVDGLDLTVEQGEVFGLLGPNGAGKTTAIRAITTLLPVPAGMVSVFGLDCARKKMQVRRLLGYVPQQLSADSGLTGRENVELFARVFDVPRAERRARVDEALAAVDLSEAAGRLAGTYSGGMVRRLELAQALVSAPRLLILDEPTIGLDPLARAGVWDCIAQVRAATGMSVLVTTHYMDEADEHCARVALMHRGRIRAMGAPGDLRAELAAQLDADPARVSLEDVFRHHAGAGLTGADRPDEGGDFRDVRRSRAAARR	C ( N ) ( C 1 C C = C N ( C = 1 ) [C@@H] 1 O [C@H] ( C O P ( = O ) ( O P ( O C [C@H] 2 O [C@@H] ( n 3 c n c 4 c 3 n c n c 4 N ) [C@H] ( O ) [C@@H] 2 O ) ( [O-] ) = O ) [O-] ) [C@H] ( [C@H] 1 O ) O ) = O > [H+] > C ( O ) [C@@H] ( O ) C ( = O ) [C@H] ( O ) [C@H] ( C O ) O	C ( N ) ( C 1 C C = C N ( C = 1 ) [C@@H] 1 O [C@H] ( C O P ( = O ) ( O P ( O C [C@H] 2 O [C@@H] ( n 3 c n c 4 c 3 n c n c 4 N ) [C@H] ( O ) [C@@H] 2 O ) ( [O-] ) = O ) [O-] ) [C@H] ( [C@H] 1 O ) O ) = O > [H+] > C ( O ) [C@@H] ( O ) C ( = O ) [C@H] ( O ) [C@H] ( C O ) O
A0A0G0ANP6	2.7.7.7	MFYLKYRPKTIKEIDNLSAKVMIGKILESSTLPHAFLFVGQKGTGKTSTARILAKAVNCLNNKFSSNPSNDSQSYEPCNKCANCKSIGLSSFTDVIEMDAASNRGIEEIKNLIRETSFLPMSGGFRVFIIDEAHMITNEGFNALLKTLEEPPESAIFILATTNLEKLPKTIVSRCLKINFGKANTTDIYSMLKRIAKIENIDFSDDLLRLIIRGRNDLIEIIEKKDLKKTLSWIEDFSQNGGDFKSLIEDILNQLHSQLLIKNDVIKNEDNQTTLNLNEISLLMKLLIEAYQNLRNTPIDSLPVEIALIEFYNKIEGKKL	O = P ( [O-] ) ( O ) O P ( [O-] ) ( = O ) [O-]	O ( P ( = O ) ( [O-] ) O C [C@@H] 1 [C@@H] ( O ) C [C@H] ( n 2 c n c 3 c ( = O ) [nH] c ( N ) n c 3 2 ) O 1 ) P ( [O-] ) ( O P ( [O-] ) ( [O-] ) = O ) = O
A0A2W5QSF8	N.A.	MSDASARPDDDLLALRLRALAHPARLAIVRALAAVDRCQCGEIVRVLPLAQSTVSQHLKVLKEAGLIAGTIEGPRSCYCLDKKNFAALAAQFDALLAAAQADPRNPAPRADTLVSDLSTPI	O = C = O > C = C 1 C [C@] 2 3 C [C@H] 1 C C [C@H] 2 [C@@] 1 2 C C C [C@] ( C ) ( C ( = O ) O 1 ) [C@H] 2 [C@@H] 3 C ( = O ) [O-]	O = C = O > C = C 1 C [C@] 2 3 C [C@H] 1 C C [C@H] 2 [C@@] 1 2 C C C [C@] ( C ) ( C ( = O ) O 1 ) [C@H] 2 [C@@H] 3 C ( = O ) [O-]
A0A0J6S374	2.6.1.42	MSVIPFDQREGHIWFDGRMVPWADAKIHVLSHGLHYGSSVFEGERAYGGQIFKCTEHSQRLRRSAELLDFEVPFTVAEIDAAKKLVLKESGLQDAYLRPVAWRGSEMMGVSAQHNTIHLAIAAWEWPSYFDPATKMKGIRLDLADYRRPDPRTAPSASKAAGLYMICTISKHRAENKGYADALMLDWEDNVAECTGANVFFIQNGVIHTPMADRFLNGITRQTVIELARRRGYEVVERRIRPEEMAGFSECFITGSAAEVTPVSEIAQYRFTPAAMTKTLMDDYTAEVQPRAKAA	[NH3+] [C@@H] ( [C@@H] ( C ) C C ) C ( = O ) [O-] > C ( = O ) ( C C C ( = O ) [O-] ) C ( = O ) [O-]	C ( = O ) ( C ( [O-] ) = O ) [C@@H] ( C ) C C > C ( [O-] ) ( = O ) C C [C@H] ( [NH3+] ) C ( [O-] ) = O
A0A073BDB4	N.A.	MSVTTAPPVAAEKEPRAPAPGGEPPRRRWRWSPNQLRRWISPIALVAIWQIASGTGVLPPDKLAAPDVIVRSAWDLAVSGELGEHLVTSLSRVAIGLVIGVTIGLAAALLSGLSGWGNDLVDPPLQMLRTLPHLGLVPLFILWFGIGETPKIALIALGVVFPIYLNVHGAIRGVDPKLLEATSVLGFTRAQRIRHVVLPSALPNALIGLRQGLGIAWLSLIIGEQVNTESGIGFMINNAREFLRTDIIVVGLLIYAALGLITDALVRLLERRALRWRLNALR	C C ( C ) [C@H] ( C ) C [C@H] ( O ) [C@@H] ( C ) [C@H] 1 C C [C@H] 2 [C@@H] 3 C C = C 4 C [C@@H] ( O ) C C [C@] 4 ( C ) [C@H] 3 C C [C@@] 2 1 C > O	C C ( C ) [C@H] ( C ) C [C@H] ( O ) [C@@H] ( C ) [C@H] 1 C C [C@H] 2 [C@@H] 3 C C = C 4 C [C@@H] ( O ) C C [C@] 4 ( C ) [C@H] 3 C C [C@@] 2 1 C > O
A0A1G3IF98	2.4.2.19	MTIDRKTIRRIINAALDEDIGKGDITSETVIPVDAGFAGAITARQDLVVAGIGFSLEAFHMTADRMAKEITVDILINDGDRVTAGTELARIEGNAWALLAAERTALNLLQHLSGIATLTRTYADAIEGTGAVLLDTRKTIPGLRDMAKYAARMGGAENHRLRLDSGILIKDNHIAAAGGIAIAVARAKNIGIVDIEVECDTLNQVEEAITAGADAVLLDNMDMETLRRAATLTKGRCRTEASGGITLENIRAVAETGVNYISVGRITHSAPAVDIGLDRR	O ( P ( = O ) ( O ) [O-] ) P ( = O ) ( [O-] ) [O-] > O = C = O > [O-] C ( c 1 c [n+] ( [C@H] 2 [C@@H] ( [C@H] ( O ) [C@@H] ( C O P ( [O-] ) ( = O ) [O-] ) O 2 ) O ) c c c 1 ) = O	[O-] P ( = O ) ( O C [C@@H] 1 [C@H] ( [C@@H] ( O ) [C@H] ( O 1 ) O P ( [O-] ) ( O P ( [O-] ) ( [O-] ) = O ) = O ) O ) [O-] > [H+] > C ( [O-] ) ( = O ) c 1 c ( C ( [O-] ) = O ) n c c c 1
A0A4R4PM40	N.A.	MPDFAMDYEELYAMQRGMHALADQAGDGGGSGKFAEMGNRSASENTAIFGSSYLATQFGVFFRMSKSRTEKATEKLRQFGDTFEGVATALFQQDSEIAAGAAAASAKSEFNRWLDEKERHDNWVEATEEWNNYLESIGAADYFSEHPDAEMGKVCAEDDRPSFCDQWEQDLDDGTAPQQPSPEEPPIPDENPPSRMQFTNADGSTTEVTLSYNEDYQIQSETSTTTLPDGETFTQTTDYTYDDDGNVTSEEVTVTLPDDSETKTVTDYTYDENGEVITENATTTHDDEETTSVTEYEGERTPGLSYDDRDYTVTTENSDGTTTVEDITINEDGSGTRTVTETDEDGNETTTTYTREGPGNRWIEDD	O = C ( S C C N C ( C C N C ( = O ) [C@@H] ( C ( C ) ( C ) C O P ( O P ( = O ) ( [O-] ) O C [C@H] 1 O [C@H] ( [C@H] ( O ) [C@@H] 1 O P ( = O ) ( [O-] ) [O-] ) n 1 c n c 2 c ( N ) n c n c 2 1 ) ( [O-] ) = O ) O ) = O ) C > [O-] C ( = O ) C C [C@H] ( O ) C ( = O ) [O-]	O = C ( S C C N C ( C C N C ( = O ) [C@@H] ( C ( C ) ( C ) C O P ( O P ( = O ) ( [O-] ) O C [C@H] 1 O [C@H] ( [C@H] ( O ) [C@@H] 1 O P ( = O ) ( [O-] ) [O-] ) n 1 c n c 2 c ( N ) n c n c 2 1 ) ( [O-] ) = O ) O ) = O ) C > [O-] C ( = O ) C C [C@H] ( O ) C ( = O ) [O-]
A0A6B0PX83	4.3.1.19	MEPTETQKTDPTMASTVGMEDIVRAHHMLREVIVRTPLQRDAVLSAKYNCNVYLKREDLQVVRSFKIRGAYNMIRSLTPEQMEKGIVCASAGNHAQGVAFSCNALGIHGKIFMPSTTPNQKVKQVRRFGGNSVEVILTGDTFDDAYDEAMKVCSEQAMTFIHPFDQPKIIAGNGTIAMEVMESLDTPMDYVFVTIGGGGLAAGVGTYVKTVSPSTKVIGVEPLGAASMTEAMRVHKVVTLDQIDKFVDGAAVKRVGQLTYDICKHTLDDIVKVPEGKACTAILELYNENAIVVEPAGSLPVAALDLYREQIQGKTVVCIVSGGNNDIDRMQEIKERSLIYEGLKHYFMVNFPQRAGALREFLQDVLGPDDDITRFEYTKKNDKENGPALVGIELFHKEDYLPLIERMNRKGLKYTELNKNENLFNMLI	[C@@H] ( [C@H] ( O ) C ) ( [NH3+] ) C ( = O ) [O-]	C C C ( = O ) C ( = O ) [O-] > [NH4+]
A0A368VZW2	N.A.	MVLRPRLIERLNEGLHRKLTLISAPAGFGKTTLVSEWIAGCRRPVAWLSLDERDNDPARLLKYLVAALQTIAANIGEGVLTMLQSPQPLPTESILTILLNEITTIQDNFVLVFDDFHVIDAKPTNHALTFLLEHLPPQIHIVIITREEPNLPLGRLRVRGQLTELRGTDLRFNSFEAAGFLNQVMGLNLSSEDIAALETRTEGWIAGLQLAAISMHGHKDAASFIQSFTGSHHFVLDYLVEEVLQNQSESVQTFLLRTSILDRLCGPLCDAVLIDPSSSGQETLKYLERTNLFIVPLDNERRWYRYHHLFADLLRQRLHQSTVSSTEGVERSVAELHQRASVWYEDNGLEIEAFHHAVVSNDIERAARLVEGEGMPLHLRGAVAPVLNWLESLPAEVMDARPSLWVMYASVLVVAGKPTGIEQKLQAAEAAMQGAEPDDKTRDRVGLIAATRAALAALIIAGQPTAIEQKLQAAEAALQGTEPDDKTNDLIGYIAPIRVALDFHQHQVEAIIAESRRALEFLHPENLSVRTAAAWMLGVACQLQGDRAAASQAYNEALFYSQAIGDNNITIMATIGLGNLAEAENRLYMADQSYRRVLHLAGDLPLPATCEAHLGLARLCYEWNDLDDALQHVQQSIQLARQIENTEGFIACEVFLARLKLAHGDVTGAAATLAKAAQSVRKHNILNRMTEIDAAQVLTLLHQGNLTAAAHLAQAHELPISQARVHLAQGDTSSALVVLEPLRQQMYAKGWVDERFKVMVLQAVALHLHGAKDKAVEHINDALTLAEPGGFIRIFVDEGLPMVRLLSDAAAHGIKPDYVGKLMAVFEEEQKRDDKLPPVIPLIEPLSERELQVLKLIAQGLSNHEISGRLFLALSSVKGHNRNIFGKLQVQRRTEAVARARELGLL	[H+] > C ( O P ( [O-] ) ( = O ) [O-] ) [C@H] 1 O [C@H] ( [C@H] ( O ) [C@@H] 1 O ) n 1 c 2 n c n c ( c 2 n c 1 ) N	[H+] > C ( O P ( [O-] ) ( = O ) [O-] ) [C@H] 1 O [C@H] ( [C@H] ( O ) [C@@H] 1 O ) n 1 c 2 n c n c ( c 2 n c 1 ) N
A0A2E1QNP6	6.1.1.20	MDLAKLKQELKKDFNLSKSSEDLQKLKVKYLGKKGKITXLSKTLGKLDQKDRPIVGKKINQIKXLFQDLVKSSSKRIEDFELDNEISKEXVDVSLPVGKIFAGGLHPITKTIDKICSYFSAKGYLIEEGPEIESEYYNFDALNIPENHPARDMHDTFYVDSGKLLRTHTSPVQIRSIEKYNVPLKIICPGKVYRSDSDPTHTPMFHQIEGLLIDENVNFGNLKKELIDFLNYFFAKKLDVRFRPSYFPFTXPSAEVDIMDKNGWLEIMGCGMVHPDVLEMAGIDSKKYSGFAFGLGIERMAKLDYSIKDMRVLFENDLKEISGS	N c 1 n c n c 2 c 1 n c n 2 [C@@H] 1 O [C@H] ( C O P ( = O ) ( [O-] ) [O-] ) [C@@H] ( O ) [C@H] 1 O > O = P ( [O-] ) ( [O-] ) O P ( = O ) ( [O-] ) O	N c 1 n c n c 2 c 1 n c n 2 [C@@H] 1 O [C@H] ( C O P ( = O ) ( [O-] ) O P ( = O ) ( [O-] ) O P ( = O ) ( [O-] ) [O-] ) [C@@H] ( O ) [C@H] 1 O > [NH3+] [C@@H] ( C c 1 c c c c c 1 ) C ( = O ) [O-] > * O P ( = O ) ( [O-] ) O C [C@H] 1 O [C@@H] ( n 2 c c c ( N ) n c 2 = O ) [C@H] ( O ) [C@@H] 1 O P ( = O ) ( [O-] ) O C [C@H] 1 O [C@@H] ( n 2 c c c ( N ) n c 2 = O ) [C@H] ( O ) [C@@H] 1 O P ( = O ) ( [O-] ) O C [C@H] 1 O [C@@H] ( n 2 c n c 3 c ( N ) n c n c 3 2 ) [C@H] ( O ) [C@@H] 1 O
A0A7V9B8Z5	N.A.	RGWESTVEDTFEAERPDGVRYSPELTFRPGQELPYSFDERISVPMELTSLTPVGETMFNSGMYQTADERASVRMSWMQLDDEPFLLRAMDLSSIPPDLTGVASLLLQASDLSEEGESGLLYPADSADRERLLSVQRQLEDRFIGVRWTVADDGRIDTMLVTGQVPVYEDNVRVSRAEGAGQGQTYSVTSLASEATPDQLRQANDDYPEWVTSRYLELPDSVTDRTVNLALEIGGQGENPYDRAKAIEAFLREHIAYDLDVGLPPDDADIVDHVLFEQRRGYCEYYASAMTVMLRALGIPAKTVVGYFPAEFDPEADGYLYRQENAHAWTEAWFPDYGWIRFEPTSAQPESTFGELEITDTPTPTPTPTPILPGSTPEPIPTATPEPVRSEPDMDLPEVVTEGSGDDGGFPWLPAGLAAALGLAAVGAETWFLMARTSMTSPQSLFASLVRWGKAGGVRHDPVSTPREYARRVGRRYPDVRPEAYEVVDAYEEYRYGNVAPSSSSVEHAAMSLRHLRRRVLRSVIRRR	O = c 1 c c ( O [C@@H] 2 O [C@H] ( C O ) [C@@H] ( O ) [C@H] ( O ) [C@H] 2 O [C@@H] 2 O C [C@] ( O ) ( C O ) [C@H] 2 O ) c c 2 o c ( - c 3 c c c ( O ) c c 3 ) c c ( [O-] ) c 1 - 2 > [H+] > O = c 1 c c n ( [C@@H] 2 O [C@H] ( C O P ( = O ) ( [O-] ) O P ( = O ) ( [O-] ) [O-] ) [C@@H] ( O ) [C@H] 2 O ) c ( = O ) [nH] 1	O = c 1 c c ( O [C@@H] 2 O [C@H] ( C O ) [C@@H] ( O ) [C@H] ( O ) [C@H] 2 O [C@@H] 2 O C [C@] ( O ) ( C O ) [C@H] 2 O ) c c 2 o c ( - c 3 c c c ( O ) c c 3 ) c c ( [O-] ) c 1 - 2 > [H+] > O = c 1 c c n ( [C@@H] 2 O [C@H] ( C O P ( = O ) ( [O-] ) O P ( = O ) ( [O-] ) [O-] ) [C@@H] ( O ) [C@H] 2 O ) c ( = O ) [nH] 1
A0A1X4GMA8	3.4.11.2	MSVLTRDEAQLRAQLLDVHRYTVELDLTTGDETFDSRTVIRFTTRSDGDTFLEVKPAELRSVTLDGQPLDPDSLHEDRLPLKNLTAGEHELRAEAAMRYSRTGEGMHRFTDPVDGETYLYTQLAMDDVQRVFPAFDQPDLKAVFEVSVKAPDEWTVLANGVTERGADGIWRAAPTPPISTYLVAVAAGPWHSVRTEHRGLPFGIHCRRSLAPYLDVDTEEIFEVTRACYDRYHEKFEEPYPFDSYDQAFVPEFNAGAMENPGLVTFRDEFVYRSAVTDTERQLRAMVISHEMAHMWFGDLVTLKWWDDIWLNESFAEYMGYQTTAEATRFSDPWTEFGVTRKAWGYEADQRPTTHPVAPEGVDDAATALLNFDGISYAKGASALRQLAAWLGEKDFLAGINTHFARHRFGNATLADFLDSLASVTERDVRAWADSWLRTTGVDTLTPVIETADGACTLTVDHKGSRPHRIVAGLYDHDVADEGRLILRERLELDVPQDAPRPIGKRPALLLLNDGDLTYAKVRFDAESFASVRSSLSGLPDPLTRAIVWNSLRDAVRDGELASAAYLEIARAHLPRETDLAIVQGVLVFASGQIADQYLPAEERPAALATLTALCRDLLRRTEDGDHPGLRLIAVRHLINVAAHPDTIAAWLADGTVPGGPELDPDLRWRILARLAVLGATDEAAIAAELARDPSATGQEGAARCRAALPDAAAKRAAWAAMFESDDLSNYLFTATANGFWQPEQADLVREYVPRFYEESVPLAARRGPAIAASVGRWCFPAHAVDAEHVRLGEACLDRDDLTPSLRRALADRLDDLGRALRAREGEARQ	C C ( C ) C [C@H] ( [NH3+] ) C ( = O ) [O-] > [NH4+]	[H+] > C C ( C ) C [C@H] ( N ) C ( N ) = O > O
A0A7C6M9E1	N.A.	MARLPIAPTKSNLLAIKEQLTIAQDGYELLEQKREILVMELMQMVEKVKLLENDIEKQIEKAYPSLRHMFMTVGRDRTERAAKMVSYNFELSEHRVFLAGMNFSSVSVELPKRRLAWSYLNSFAQCDKVMVDFFELLRLLTEMASIRTIVWRLAKEVKKTQRRVNALDKQVIPQTRETMTYIEGILEERERESVFVLKVLKARSGGSK	C C ( C ) = C C C / C ( C ) = C / C C / C ( C ) = C / C O P ( = O ) ( [O-] ) O P ( = O ) ( [O-] ) [O-]	C C ( C ) = C C C / C ( C ) = C / C C / C ( C ) = C / C O P ( = O ) ( [O-] ) O P ( = O ) ( [O-] ) [O-]
A0A2E3U829	1.1.1.100	MSMSGKVALVTGASRGIGRAIAAELGSQGAIVAGTATTEEGAQAITEFFASQGVKGAGFCLDVSSTEAVEAVLEKIAEELGSAPLILVNNAGITRDNLLMRMKEDEWGSVINTNLNSLYRVCRVALKAMTKARWGRIINISSVVASSGNPGQTNYAASKAAVEGFSRSLAREIGSRGITVNSIAPGFIDTDMTRALTEKQIETLLVQIPLARFGKPEEIASVAGFLASDAGAYITGETIQVNGGMYMA	[C@@H] 1 ( [C@@H] ( [C@@H] ( [C@H] ( O 1 ) C O P ( [O-] ) ( O P ( [O-] ) ( O C [C@H] 1 O [C@H] ( [C@@H] ( [C@@H] 1 O ) O ) N 1 C = C ( C C = C 1 ) C ( N ) = O ) = O ) = O ) O ) O P ( [O-] ) ( = O ) [O-] ) n 1 c n c 2 c 1 n c n c 2 N > * C ( = O ) [C@@H] ( N * ) C O P ( [O-] ) ( = O ) O C C ( C ) ( C ) [C@@H] ( O ) C ( N C C C ( N C C S C ( C C ( = O ) C C C C C C C C C C C C ( C ) C ) = O ) = O ) = O	S ( C ( = O ) C [C@@H] ( C C C C C C C C C C C C ( C ) C ) O ) C C N C ( C C N C ( = O ) [C@@H] ( C ( C ) ( C ) C O P ( O C [C@@H] ( C ( * ) = O ) N * ) ( = O ) [O-] ) O ) = O > c 1 ( N ) c 2 c ( n ( [C@H] 3 [C@@H] ( [C@@H] ( [C@H] ( O 3 ) C O P ( O P ( [O-] ) ( O C [C@H] 3 O [C@H] ( [C@H] ( O ) [C@@H] 3 O ) [n+] 3 c c ( C ( = O ) N ) c c c 3 ) = O ) ( [O-] ) = O ) O ) O P ( = O ) ( [O-] ) [O-] ) c n 2 ) n c n 1
A0A7C7YRW0	N.A.	MKKVLVANRGEIAIRIFQGCRERGIETVAVHSEADASAPHRFAADESVLIGPPSPTESYLKVDRILDAARETGADAIHPGYGFLSESSSFAQAVEDAGLIFIGPTPTQISSMGDKVRARKLMEAASVPVIPGTKGAIDDPAELQLESQRIGFPLLIKAAGGGGGKGIRRVDTASELLPAWERTRSEALSAFGDGRVYLEKFVSPARHIEVQVVGDGRGSVWFLGERECSLQRNHQKVLEESPSPVIDAEVRARLRNAAVAGAASIQYRGAGTMEFLYDEASREFFFLEMNTRLQVEHPVTEMVTGIDLVGMQLDVAQGMKLEHDPDLPRRGWSIEFRICAEDPYRNFLPSTGQIRALRIPHAPFSRIDGALREGLEVTPYYDPMLAKAIVWGENRKAAVDRLMALLSRLRIGGIHTTIPLGIELCNQGWFLDGDFDTGTLERWMADRDKRSSAPNDMQLIAAIVARHTLSSARSHSTPGIPGGGKWGMAARIAGVRGNLS	O = C 1 O [C@@H] ( C O ) [C@@H] ( O ) [C@@H] ( O ) [C@@H] 1 O > O	O = C 1 O [C@@H] ( C O ) [C@@H] ( O ) [C@@H] ( O ) [C@@H] 1 O > O
E8QDH6	3.4.11.18	MAISIKSPKEIKALRKAGELTAQALALLEREVRPGVSLLELDKMAEDFIKSSHARPAFKGLYGFPNSVCMSLNEVVIHGIPTDYVLQEGDIIGLDLGVEVDGYYGDSALTLPIGAISPQDEKLLACSKESLMHAISSIRVGMHFKELSQILEGAIVERGFVPLKGFCGHGIGKKPHEEPEIPNYLEKGVKPNSGPKIKEGMVFCLEPMVCQKQGEPKILADKWSVVSVDGLNTSHHEHTIAIVGNKAVILTER	C S C C [C@H] ( [NH3+] ) C ( = O ) [O-] > * C ( = O ) [C@H] ( * ) [NH3+]	* C ( = O ) [C@H] ( * ) N C ( = O ) [C@@H] ( [NH3+] ) C C S C > O
A0A4S2T4G9	N.A.	MRETSGRRRRPPVRRSVVAALSTMALALAAATAVAVSPPADAAAPPAPTGWSQVFLDDFNGSAGSGVNTADWQYTTGRGYPGGPSGFGTGEIETMTADPANVSLDGAGNLRITPRRDAAGNWTSARVESRRSDFRPPAGGTLRTEARIQMPNVTGAAAKGYWPAFWMLGAPYRGNWWNWPGIGELDIMENVQGLNNEWATMHCGTSPGGPCNETSGIGGQRACVGATCQGGFHTYAVEWDRSTAVEEMRFYLDGVAFHTVKANQVDATTWANATDHGYFIILNVAMGGGFPDAFGGGPDAGTEPGHPMVVDYVSVLQKTGGATTTPTTPPTTPPPGGRNAYSAIQAESYDDQAGTVTEATSDTGGGQDLTSLANGDWAVYRGVDFGASAARQLYGRVASGATGGVSGLVEVRLDSRTAPPVGSFSVAGTGGGQSWRTVPANISAVTGTHDVYLTFTSGQPADFVNLNWFDFGH	C = C 1 C ( = O ) O C [C@H] 2 C ( C ( = O ) [O-] ) = C [C@@H] 3 C C ( C ) ( C ) C [C@@] 1 3 2 > O = C ( [O-] ) C C C ( = O ) C ( = O ) [O-] > O = O	C = C 1 C ( = O ) O C [C@H] 2 C ( C ( = O ) [O-] ) = C [C@@H] 3 C C ( C ) ( C ) C [C@@] 1 3 2 > O = C ( [O-] ) C C C ( = O ) C ( = O ) [O-] > O = O
A0A2Z5V2D3	7.3.2.1	MTPSTMTNDDLTIADPKMRAQGVNVFYGEKQAINDVSIDVGTDLVTAFIGPSGCGKSTFLRSLNRMNDTVASARVTGTILLDGEDIYAPSMDVVQLRARVGMVFQKPNPFPKSIYDNVAYGPRIHGLAPSKADLDMIVERALVRAGLWEEVKDRLSESGTALSGGQQQRLCIARAIAVDPEVILMDEPCSALDPIATAKIEELIHELRGKYAIVIVTHNMQQAARVSQRTAFFHLGTLVEYGKTTDIFTNPKQERTKDYITGRYG	[H+] > P ( = O ) ( [O-] ) ( O P ( O C [C@@H] 1 [C@H] ( [C@H] ( [C@@H] ( O 1 ) n 1 c n c 2 c ( N ) n c n c 2 1 ) O ) O ) ( = O ) [O-] ) [O-] > [O-] P ( O ) ( [O-] ) = O	O ( P ( = O ) ( O P ( = O ) ( [O-] ) [O-] ) [O-] ) P ( = O ) ( [O-] ) O C [C@H] 1 O [C@@H] ( n 2 c n c 3 c 2 n c n c 3 N ) [C@@H] ( [C@@H] 1 O ) O > [O-] P ( = O ) ( [O-] ) O > O
A0A7V8TS84	N.A.	MAIDSAAESSDVLVDIRGLHYSRGNKKIFDGVDIQIRRGRVTAIMGPSGTGKTTLLRLIGGQLRPHAGRIVVDGQDVHKLSRAGLFRLRRRMGLLFQSGALFTDLTCFENVAFPLREHTTLPESLIRNLVLMKLQAVGLRGARDLYPSQLSGGMARRVALARAIALDPTMVLYDEPFSGQDPISMGVLVQLIRLLNDALGLTSVVVSHDVDETAAISDMIYVISDGKVVGEGTPQALRETDSEWVRQFMSALPDGPVPFHYPAPSYRSELLGEAGPGA	C 1 / C ( C ( = O ) O [C@H] 2 C 3 C ( = C C [N+] 3 ( O ) C C 2 ) C O C ( = O ) [C@@] ( C ) ( [C@@H] 1 C ) O ) = C / C > O [C@H] 1 [C@@H] ( O P ( = O ) ( [O-] ) [O-] ) [C@H] ( n 2 c n c 3 c ( n c n c 2 3 ) N ) O [C@@H] 1 C O P ( [O-] ) ( O P ( [O-] ) ( O C [C@@H] 1 [C@H] ( [C@H] ( [C@@H] ( O 1 ) [n+] 1 c c c c ( C ( = O ) N ) c 1 ) O ) O ) = O ) = O > O	C 1 / C ( C ( = O ) O [C@H] 2 C 3 C ( = C C [N+] 3 ( O ) C C 2 ) C O C ( = O ) [C@@] ( C ) ( [C@@H] 1 C ) O ) = C / C > O [C@H] 1 [C@@H] ( O P ( = O ) ( [O-] ) [O-] ) [C@H] ( n 2 c n c 3 c ( n c n c 2 3 ) N ) O [C@@H] 1 C O P ( [O-] ) ( O P ( [O-] ) ( O C [C@@H] 1 [C@H] ( [C@H] ( [C@@H] ( O 1 ) [n+] 1 c c c c ( C ( = O ) N ) c 1 ) O ) O ) = O ) = O > O
A0A7K0MER6	4.2.1.46	MRVFVTGAAGFIGANYVHFALDASDDEITVFDALTYAGNLDNLKDLYDNPRLKFVRGDICDREAVRAALAGHDAVIHFAAESHVDRSIVNPDEFVRTNCLGTNVMCDEARRAEVERFLHISTDEVYGSIDEGSFRETDPLAPRSPYSASKAGSDLIALAYHETYGLPVVVTRSSNNFGPYQFPEKVVPLFVTNLLDGHKVPLYGDGLNVRDWCFVEDNCAAVDLVFRKGVIGEVYNIGAGNEVTNRELTDRLLALCGRDESSIDYVEDRLGHDRRYSVDIAKIEALGWSTRRELGEALEATVAWYRDNRWWWEPLKARAAISKPAS	C c 1 c n ( [C@H] 2 C [C@H] ( O ) [C@@H] ( C O P ( = O ) ( [O-] ) O P ( = O ) ( [O-] ) O [C@H] 3 O [C@H] ( C ) C ( = O ) [C@H] ( O ) [C@H] 3 O ) O 2 ) c ( = O ) [nH] c 1 = O > O	C c 1 c n ( [C@H] 2 C [C@H] ( O ) [C@@H] ( C O P ( = O ) ( [O-] ) O P ( = O ) ( [O-] ) O [C@H] 3 O [C@H] ( C O ) [C@@H] ( O ) [C@H] ( O ) [C@H] 3 O ) O 2 ) c ( = O ) [nH] c 1 = O
A0A1P8RT60	N.A.	MLKNSKLVVVISIMLFFWLNSFSQADGQFKDVILDGKPAKLNVITGEITLVNSDGKKVIIENDSLSKTSSSKVNEPSVTQIETDYHTVKENETLLDIANRYKTTLTALKEANNLETTLVDVGQKLRVSNFNKQRESTVNTSNEKALAEEPVLKDASGIHIVENDDTLYSLSKRYGFTVDELKSKNGLTSNLIKVGQELNVSHSDYKKSSTNKSIWTVSKGDTLYNIAKRNGLTVDELKSLNGLTDNLILIGQILKLKQK	C C ( C ) [C@@H] ( C ) / C = C / [C@@H] ( C ) [C@H] 1 C C [C@H] 2 C 3 = C C [C@@] 4 ( O ) C [C@@H] ( O ) C C [C@] 4 ( C ) [C@H] 3 C C [C@@] 2 1 C	C C ( C ) [C@@H] ( C ) / C = C / [C@@H] ( C ) [C@H] 1 C C [C@H] 2 C 3 = C C [C@@] 4 ( O ) C [C@@H] ( O ) C C [C@] 4 ( C ) [C@H] 3 C C [C@@] 2 1 C
A0A2N5L803	1.14.14.1	MRSASELPANVSAMVDPKAEPIPQPKGLPWLGNLLQLPKDRLAQTLLETSRHFPQGLYQLDFAGRRVPFVYAADLVAELSDETRFRKLIGPPLSFLRAGAGDGLFTAHHDEPNWGKAHRILLPAFSQRAMKGYFDVMLEVANALADKWARQGPGADIAVADDMTRLTLDTISLAGFGYRFDSFNTPELHPFLAAMVGVLSEAMGKLTRLPLKDRFMREHHRRFAQDVAAMHALVDEVIRARRHAPDGAAAASDLLGLMLNARDPVTDEPLDDTNIRFQVITFLIAGHETTSGLLTFALYMLLRNPAVLAQAYAEVDRVLPGDTVPQYAHLARLDVLERVLKETLRLWPTAPSFAVAPYEDTRIGGRYVIRKDQRVVTLLLGLHRDPAVWARPEVFDIDRFLPENEARLHPHAYKPFGNGERACIGRQFALTEAKLALAVILQRFALSDPYDYGFRIKETLTLKPDGFRLRARRRNAHERLSVAMPARVDAAKQPDAEAALAGGGEPMHVLYGGSLGTCQDIAEQLAATASRAGFDAKVAPLDTIADALPQHGTLIVVAATYNGRAPDSARTLEARLDASGARVPQASALRYAVLGCGNSQWPAFQAFPKRVEAMLAASGAQAIVPRGEADGNAGFDAAVDAWIRGLWSALGARQAHAEGASVSVRYVAPDAVRAATLPPTARPVTVLGNDELVSDPTGLWDFTQEAPRGPTRHITVRLPDGQTYATGDHLAIYPRNADDRVDAAIARLGLEADALVTLTARHAHVRHLPLEQPVSVRQLLRDFVELQDTATVRDIAALHAATRCPVTRGQLAVWLEGDEAARRFDQDVQAAHVSVLDLLIRFPAIELSLEAFLARLGAMRPRFYSIASSARVSPQVVSLTVGMVSGPAWSGAGMYRGTASNYLMQLRPGAEIAAAVRTPNPPFAPEADASTPMVLIGAGTGIAPFRGFLEERAARQAAGHAVATSLLCFGCRHPEHDFLYRDTLRAWQDAGVVRVFPAYSCVPGHPHRFVQHALWDARDAVWAAFDAGATLYVCGDGRAMAPAVRDTLIRMHQARHGSDLATASDWLAAQMQAGRYRQDVFN	[nH] 1 c ( = O ) [nH] c ( c 2 N c 3 c c ( c ( c c 3 N ( * ) c 2 1 ) C ) C ) = O > C 1 C C 2 = C C ( C C [C@@] 2 ( [C@@H] 2 [C@@H] 1 [C@H] 1 [C@@] ( C ) ( C ( C C 1 ) = O ) C C 2 ) C ) = O > O = O	n 1 c 2 c c ( C ) c ( C ) c c 2 n ( c 2 n c ( [n-] c ( c 1 - 2 ) = O ) = O ) * > C 1 ( [C@@] 2 ( C ) C C [C@H] 3 [C@H] ( [C@@H] 2 C C 1 ) C C C 1 [C@@] 3 ( C C C ( C = 1 ) = O ) C O ) = O > O
A0A1Y3TR15	N.A.	MVNMFRNLFEKWIQWKLILLIQIIISIVFAIFLIQLNVLPMIFIAIIIAIEILIGVGIFFLMRNAQKVRLIVSHIISLVISIMLVIGCMAVSQGNSAIHGLTSDHTQTNRISLYVLDDSSYQELSDLKDQSIEANVNDEHMAEAIDALNKEVDLSIQGQEDYVQMSNHLYDQKTAGIYMNEAQSALFDEIHEDFHKKTKVLYTYEITEEIEDFSKDVSVTQNAFNVFISGIDTTGPVSTVSRSDVNMIVTVNPQRKKILMTSIPRDYYVTLANMGQKDKLTHAGLAGVENSVKTLENFLGIDINYYARVNFTSLIQMVDALGGIEVYSDQDIPKLGIHEGINQMDGKKALSFSRERYSYKSGDNHRVQNQQKVLEAMLNKMMSPAIITNYSSILDHIDGCFETNMTSDEITSLIKMQLSDMSSWDIQQIQLQGHGAMLTGGAYMPGNRLYYMIPDEDSVSQCVAQIKEVQGNH	O = C c 1 c c c c c 1 C ( = O ) [O-] > [H+] > N C ( = O ) C 1 = C N ( [C@@H] 2 O [C@H] ( C O P ( = O ) ( [O-] ) O P ( = O ) ( [O-] ) O C [C@H] 3 O [C@@H] ( n 4 c n c 5 c ( N ) n c n c 5 4 ) [C@H] ( O P ( = O ) ( [O-] ) [O-] ) [C@@H] 3 O ) [C@@H] ( O ) [C@H] 2 O ) C = C C 1	O = C c 1 c c c c c 1 C ( = O ) [O-] > [H+] > N C ( = O ) C 1 = C N ( [C@@H] 2 O [C@H] ( C O P ( = O ) ( [O-] ) O P ( = O ) ( [O-] ) O C [C@H] 3 O [C@@H] ( n 4 c n c 5 c ( N ) n c n c 5 4 ) [C@H] ( O P ( = O ) ( [O-] ) [O-] ) [C@@H] 3 O ) [C@@H] ( O ) [C@H] 2 O ) C = C C 1
V2G7G2	1.1.1.86	MKVFYDKDADLSLIKGKNVTIIGYGSQGHAHALNLNDSGVKVTVGLRKNGASWNKAVNAGLQVKEVAEAVKDADVVMILLPDEQIADVYKNEVHDNIKEGAALAFAHGFNVHYGAVIPRADLDVIMIAPKAPGHTVRSTYSQGGGVPHLIAVHQNKSGAARDIALSYATANGGGRAGIIETNFREETETDLFGEQAVLCGGTVELIKAGFETLVEAGYAPEMAYFECLHELKLIVDLIYEGGIANMNYSISNNAEYGEYVTGPRVVTEETKKAMKQCLKDIQTGEYAKSFLLENKAGAPTLISRRRLTAEHQIEEVGAKLRAMMPWIAKNKLVDQSKN	C C [C@H] ( C ) C ( = O ) C ( = O ) [O-] > N C ( = O ) c 1 c c c [n+] ( [C@@H] 2 O [C@H] ( C O P ( = O ) ( [O-] ) O P ( = O ) ( [O-] ) O C [C@H] 3 O [C@@H] ( n 4 c n c 5 c ( N ) n c n c 5 4 ) [C@H] ( O P ( = O ) ( [O-] ) [O-] ) [C@@H] 3 O ) [C@@H] ( O ) [C@H] 2 O ) c 1 > O	[H+] > C C [C@] ( O ) ( C ( C ) = O ) C ( = O ) [O-] > N C ( = O ) C 1 = C N ( [C@@H] 2 O [C@H] ( C O P ( = O ) ( [O-] ) O P ( = O ) ( [O-] ) O C [C@H] 3 O [C@@H] ( n 4 c n c 5 c ( N ) n c n c 5 4 ) [C@H] ( O P ( = O ) ( [O-] ) [O-] ) [C@@H] 3 O ) [C@@H] ( O ) [C@H] 2 O ) C = C C 1
A0A328W910	N.A.	MAIKINKKLEMFSTFDPTKESKPVSLGNLCKEIEERKLTLPIFQTYIRWKVEKSIDLLNFQLSGKAAVSPISINIIENQDLAVPQVSFIERERIDNEDISGKHSVNDGQQRLSCNFKAYTDHEEFKCIVLDITTGKFMMNTGALRKSQIPVGKLYNKDPKVFTQFLKDHKDLQVFEVQDLLTKIRNKFMGYYYTVNYARDLSEEEQREWFEVLNLAGTKVTDVEVNLTEMLIKGVDFYKEYSDKFVEKLRESSLEQLIVFKATEVSIPLAALNPAYEVLKNKEHKSNFSPMPSDVKANLISKLDKEDIRKLFNMTLDALERAVEFIEENKLKLPDRIDYLTYLLGAFVFLGNDSQISEKQKEQIIEWYNNVEFSKKDNGERRRYFEELIRVRYI	O = C ( [O-] ) [C@@H] 1 C C C [NH2+] 1 > O O > C = O	O = C ( [O-] ) [C@@H] 1 C C C [NH2+] 1 > O O > C = O
A0A4Y8JC82	1.3.1.9	MGFLAGKRVLIVGVASKLSIASGIAAAMHREGAELAFTYQNDKLKGRVEEFAQSWGSNPDLCFPCDVASDEEIAKVFVELGKKWDGLDCIVHSVGFAPGDQLDGDFTEATTREGFRIAHDISAYSFVALAKAGREMMKGRNGSLLTLSYLGAERTMPNYNVMGMAKASLEAGVRYLAGSLGPDGTRVNCVSAGPIRTLAASGIKNFRKMLAANEAQTPLRRNVTIDEVGNAGAFLCSDLASGISGEIMYVDGGFNTTAMGSLEE	C ( C ) C C C C C C C / C = C / C ( S * ) = O > [C@@H] 1 ( C O P ( [O-] ) ( O P ( [O-] ) ( = O ) O C [C@@H] 2 [C@@H] ( O ) [C@H] ( [C@@H] ( O 2 ) n 2 c 3 n c n c ( N ) c 3 n c 2 ) O ) = O ) [C@@H] ( O ) [C@@H] ( O ) [C@@H] ( O 1 ) N 1 C = C ( C C = C 1 ) C ( = O ) N	O = C ( S * ) C C C C C C C C C C C > c 1 c ( c [n+] ( c c 1 ) [C@@H] 1 O [C@H] ( C O P ( [O-] ) ( = O ) O P ( O C [C@H] 2 O [C@H] ( [C@@H] ( [C@@H] 2 O ) O ) n 2 c 3 c ( n c 2 ) c ( n c n 3 ) N ) ( [O-] ) = O ) [C@@H] ( O ) [C@H] 1 O ) C ( N ) = O
A0A315BQG3	N.A.	MGPHMKHKHTDAANQDLPFITSGETAQILGLSTGTVQKLADEQQITGWRTSGGHRRLHRKSVMDYLRKQPFNEPANEDNYAPNTLLITDDAQKLKTQSEGWLPIHGGGKVHITASLLEGLLLLNLRDIGMLIIELERSTHELNTLIQDLMDSCRKQRLSLVVAVFAPGHVLRLPSSGEHLRVHHVPEKLSAHHLQALWIGSQMNPNE	C S C C C ( = O ) C ( = O ) [O-] > [NH3+] C C ( = O ) [O-]	C S C C C ( = O ) C ( = O ) [O-] > [NH3+] C C ( = O ) [O-]
A0A0P9W887	4.1.3.4	MSLPQKVNIVEVGPRDGLQNEAQPISIDDKVRLVDDLTAAGLSHIEVGSFVSAKWVPQMAGSAQVFENIQRREGVIYSALAPNLRGFEDALAAGVREVAVFAAATEGFSRRNLNCSISESLERFAPIMAAAQMHGVQVRGYVSCVLGCPYEGSVSPQQVAAVANELYAMGCYEVSLGDTIGTGTPGATRALFNAVSAQIPRGKLAGHFHDTYGQALVNIYASLEEGIHVFDSSVAGLGGCPYAKGASGNVATEDVQYMLQGMGIETGVDLDQVIAAGQRICGVLQRSNGSRVARARLSA	C ( = O ) ( C [C@] ( C C ( [O-] ) = O ) ( O ) C ) S C C N C ( = O ) C C N C ( = O ) [C@@H] ( C ( C O P ( = O ) ( O P ( = O ) ( [O-] ) O C [C@@H] 1 [C@@H] ( O P ( [O-] ) ( = O ) [O-] ) [C@@H] ( O ) [C@@H] ( O 1 ) n 1 c n c 2 c ( n c n c 1 2 ) N ) [O-] ) ( C ) C ) O	P ( O C [C@@H] 1 [C@H] ( [C@@H] ( O ) [C@@H] ( O 1 ) n 1 c 2 c ( c ( N ) n c n 2 ) n c 1 ) O P ( = O ) ( [O-] ) [O-] ) ( [O-] ) ( O P ( = O ) ( O C C ( C ) ( C ) [C@@H] ( O ) C ( N C C C ( = O ) N C C S C ( = O ) C ) = O ) [O-] ) = O > C C ( C C ( = O ) [O-] ) = O
A0A2U1FIX5	N.A.	MKKAGMRIGILLSLLCWILPSVGQKNVIDEVVWMVGDEPILRSDVEATKRFLLSSGQALQGNPDCYIPEQIAIQKLFLNQAKIDSIEVSESDVNRYVDMYLSNYIQQFGSKEKMEEYFNRKYTQIREEQRVEVRNGEIVRLMRRKIDENVKVTPSEIRQYFASLPQDSLPYIPTTVEVQLLSIKPVISLQETDAIKKRLREFSDEINDGRRDFSTIARLYSEDNKTALQGGEYGFVSKASLDAEFARVVFSLNNTKRVSPIIKTDDGYHIAQLIEKRGDVINFRQIVLKPKVSNIALTEATSKLDSLYALINDGKLTFEKAVTLHSEDTDTRNNQGLMVNKDLESDFYSSSRFKYEELPQDISQAVYNLKPNEISKPFVLKTDRGSEEVVIVKVKNRIEGHRANMNSDFQTIKALALNKKKESVVDAWILKKQKETYIHIEPAYRNCEFRYPGWLEK	[H+] > C C ( C ) [C@H] ( C ) C C [C@@H] ( C ) [C@H] 1 C C [C@H] 2 [C@@H] 3 C C [C@H] 4 C C ( = O ) C C [C@] 4 ( C ) [C@H] 3 C C [C@@] 2 1 C > O = O > N C ( = O ) C 1 = C N ( [C@@H] 2 O [C@H] ( C O P ( = O ) ( [O-] ) O P ( = O ) ( [O-] ) O C [C@H] 3 O [C@@H] ( n 4 c n c 5 c ( N ) n c n c 5 4 ) [C@H] ( O P ( = O ) ( [O-] ) [O-] ) [C@@H] 3 O ) [C@@H] ( O ) [C@H] 2 O ) C = C C 1	[H+] > C C ( C ) [C@H] ( C ) C C [C@@H] ( C ) [C@H] 1 C C [C@H] 2 [C@@H] 3 C C [C@H] 4 C C ( = O ) C C [C@] 4 ( C ) [C@H] 3 C C [C@@] 2 1 C > O = O > N C ( = O ) C 1 = C N ( [C@@H] 2 O [C@H] ( C O P ( = O ) ( [O-] ) O P ( = O ) ( [O-] ) O C [C@H] 3 O [C@@H] ( n 4 c n c 5 c ( N ) n c n c 5 4 ) [C@H] ( O P ( = O ) ( [O-] ) [O-] ) [C@@H] 3 O ) [C@@H] ( O ) [C@H] 2 O ) C = C C 1
C9LN13	2.7.4.3	MYILLMGPPGAGKGTQAEKLIRDYGIPQIATGDMFRAAVKSGTALGKEAKSYMDKGALVPDSVTIGIVKERLAQDDCKKGWILDGFPRTTAQAAALDTILHELGIRLTAVIGIKADSKGLVKRIGGRLVCKKCGASFHKEFRPPKKENVCDNCGGKLYQRADDNEATVEQRLAVYEKSTRPLIDYYEASGRFCEIDGDQSMEKVYSDIRDALKKASK	C ( O P ( = O ) ( [O-] ) O P ( = O ) ( [O-] ) [O-] ) [C@@H] 1 [C@H] ( [C@H] ( [C@H] ( n 2 c 3 c ( c ( n c n 3 ) N ) n c 2 ) O 1 ) O ) O > O = P ( O ) ( [O-] ) O P ( [O-] ) ( = O ) [O-]	[H+] > O = P ( O P ( [O-] ) ( [O-] ) = O ) ( O P ( [O-] ) ( [O-] ) = O ) [O-] > c 1 ( n c n c 2 c 1 n c n 2 [C@@H] 1 O [C@H] ( C O P ( [O-] ) ( = O ) [O-] ) [C@@H] ( O ) [C@H] 1 O ) N
A6VS94	N.A.	MGLKEKKAARDFQENNLEALKKKVFDAAKFEFEIEIDWDSISVDNYSHLYNQTWTQIYFEPMIIAFSKMCADSFSQEAIQDDLKKVVIQNVGDISNANKYSSYSNGVLTLNHSPIANAENQIEDRAKALQDTVEDAL	O ( P ( [O-] ) ( = O ) [O-] ) [C@H] 1 [C@H] ( [C@H] ( n 2 c 3 n c n c ( c 3 n c 2 ) N ) O [C@@H] 1 C O P ( [O-] ) ( = O ) O P ( [O-] ) ( = O ) O C C ( [C@H] ( C ( = O ) N C C C ( = O ) N C C S C ( C C ( = O ) [O-] ) = O ) O ) ( C ) C ) O > [C@H] 1 ( [C@H] ( [C@H] ( O ) [C@H] ( O [C@H] 1 O c 1 c c 2 c ( [o+] c 1 - c 1 c c c ( O ) c c 1 ) c c ( c c 2 O [C@@H] 1 O [C@@H] ( [C@@H] ( O ) [C@H] ( O ) [C@H] 1 O ) C O ) [O-] ) C O C ( = O ) / C = C / c 1 c c ( c ( O ) c c 1 ) O ) O ) O	O ( P ( [O-] ) ( = O ) [O-] ) [C@H] 1 [C@H] ( [C@H] ( n 2 c 3 n c n c ( c 3 n c 2 ) N ) O [C@@H] 1 C O P ( [O-] ) ( = O ) O P ( [O-] ) ( = O ) O C C ( [C@H] ( C ( = O ) N C C C ( = O ) N C C S C ( C C ( = O ) [O-] ) = O ) O ) ( C ) C ) O > [C@H] 1 ( [C@H] ( [C@H] ( O ) [C@H] ( O [C@H] 1 O c 1 c c 2 c ( [o+] c 1 - c 1 c c c ( O ) c c 1 ) c c ( c c 2 O [C@@H] 1 O [C@@H] ( [C@@H] ( O ) [C@H] ( O ) [C@H] 1 O ) C O ) [O-] ) C O C ( = O ) / C = C / c 1 c c ( c ( O ) c c 1 ) O ) O ) O
A0A2E8CRL6	6.3.4.14	MFKNILVANRGEIALRVIRAAKELGVRTTAVYSEADADSMHVHLADDAICIGPPPSSESYLRMEAILSAAEIANVDAIHPGYGFLSENARFAELCESCNVKFIGPSAEVITMMGDKNTARATATKYGVPVTPGSEGIVETEEEALKLAKEIGYPVMIKATAGGGGRGMRPALNKASFVSAFHAARQEAEACFGNPDVYLEKLVENPHHVEFQIVADSHGNVKELGERDCSMQRRNQKIIEETPSPLLTEDLRQRMAEASETLVKNIGYENCGTIEYLVDDQENFYFMEMNTRIQVEHPITEEVRGCDLIKEQIRVAAGEPLSAHVMNSSSRGHSIECRINAEDPYKNFAPSPGKISLFYAPGGRGVRVDTHVYSGYEVPPNYDSMIAKLIVTGATREIAIARMVRSLNEFVIKGIKTTIPFQASILKHNAFRSGDYNIAWVEKFLASQPGPPELPDIMLEEE	N c 1 n c n c 2 c 1 n c n 2 [C@@H] 1 O [C@H] ( C O P ( = O ) ( [O-] ) O P ( = O ) ( [O-] ) O P ( = O ) ( [O-] ) [O-] ) [C@@H] ( O ) [C@H] 1 O > O = C ( [O-] ) O > * N [C@@H] ( C C C C N C ( = O ) C C C C [C@@H] 1 S C [C@@H] 2 N C ( = O ) N [C@H] 1 2 ) C ( * ) = O . * N [C@@H] ( C C C C N C ( = O ) C C C C [C@@H] 1 S C [C@@H] 2 N C ( = O ) N [C@H] 1 2 ) C ( * ) = O	N c 1 n c n c 2 c 1 n c n 2 [C@@H] 1 O [C@H] ( C O P ( = O ) ( [O-] ) O P ( = O ) ( [O-] ) [O-] ) [C@@H] ( O ) [C@H] 1 O > * N [C@@H] ( C C C C N C ( = O ) C C C C [C@@H] 1 S C [C@@H] 2 N C ( = O ) N [C@H] 1 2 ) C ( * ) = O . * N [C@@H] ( C C C C N C ( = O ) C C C C [C@@H] 1 S C [C@H] 2 [C@@H] 1 N C ( = O ) N 2 C ( = O ) [O-] ) C ( * ) = O > O = P ( [O-] ) ( [O-] ) O
A0A5D0UL77	N.A.	MPRRILGVLAAAFLGTAAVTAGASAAHAAPAAPQAPVKRAVDFTGIVALSNCSGSLVRVPGAADSDPALVLSNGHCLDGGMPSAGQVIKNQPSSRTFSLLNPSGSGSLGTLRATSVLYGTMTDTDVSLYKLSSTYAQIKQSYNTPALELQATHPTTGADLRVVSGYWKRIYSCKLDGFAYRVRESEWTWKDSLRYTSQCDIIGGTSGSPVIDAGTGKVIGANNTINESGQRCTLNNPCEVDESGQVTVRPNIGYGQQTYTLAPCIAPGTVLDLNRPGCTVPKGLRH	C ( C O ) ( C O ) O C ( * ) = O > C ( O ) ( = O ) *	C ( C O ) ( C O ) O C ( * ) = O > C ( O ) ( = O ) *
A0A101F7G1	2.7.8.26	MKAFLCALTFLTRIPLPQGRSFTARDFQNSSYFFPVVGLLIGLFLTGIWLVARVVFPSQITGALLVVFYLVITGGLHLDGLIDTFDGICSGQAREKVLMIMKDSRVGAFGVIAVFTVLILKFSFYSLIDFTHLPFLLLAPTAGRQAMVWALVLFPCARKQGLGYSFNVYHDFRKLILTTALTLFVFVYFLRVTGVIVFFAVGLFSLILMKYLSCLLGGLTGDTYGALCELAEVFVFLLGFGVGGEIW	C C 1 = C 2 [N+] 3 = C ( C = C 4 [N+] 5 = C ( C ( C ) = C 6 N 7 [C@H] ( [C@H] ( C C ( N ) = O ) [C@@] 6 ( C ) C C C ( = O ) N C [C@@H] ( C ) O P ( = O ) ( [O-] ) O P ( = O ) ( [O-] ) O C [C@H] 6 O [C@@H] ( n 8 c n c 9 c ( = O ) [nH] c ( N ) n c 9 8 ) [C@H] ( O ) [C@@H] 6 O ) [C@] 6 ( C ) [N+] ( = C 1 [C@@H] ( C C C ( N ) = O ) [C@] 6 ( C ) C C ( N ) = O ) [Co-2] 7 5 3 C [C@H] 1 O [C@@H] ( n 3 c n c 5 c ( N ) n c n c 5 3 ) [C@H] ( O ) [C@@H] 1 O ) [C@@H] ( C C C ( N ) = O ) C 4 ( C ) C ) [C@@H] ( C C C ( N ) = O ) [C@] 2 ( C ) C C ( N ) = O > C O c 1 c c c 2 c ( c 1 ) n c n 2 [C@H] 1 O [C@H] ( C O P ( = O ) ( [O-] ) [O-] ) [C@@H] ( O ) [C@H] 1 O	N c 1 n c 2 c ( n c n 2 [C@@H] 2 O [C@H] ( C O P ( = O ) ( [O-] ) [O-] ) [C@@H] ( O ) [C@H] 2 O ) c ( = O ) [nH] 1 > [H+] > C O c 1 c c c 2 c ( c 1 ) [n+] 1 c n 2 [C@H] 2 O [C@H] ( C O P ( = O ) ( [O-] ) [O-] ) [C@@H] ( O P ( = O ) ( [O-] ) O [C@H] ( C ) C N C ( = O ) C C [C@@] 3 ( C ) C 4 = C ( C ) C 5 = [N+] 6 C ( = C C 7 = [N+] 8 C ( = C ( C ) C 9 = [N+] %10 [C@@] ( C ) ( [C@@H] ( [C@@H] 3 C C ( N ) = O ) N 4 [Co-3] 6 8 %10 1 C [C@H] 1 O [C@@H] ( n 3 c n c 4 c ( N ) n c n c 4 3 ) [C@H] ( O ) [C@@H] 1 O ) [C@@] ( C ) ( C C ( N ) = O ) [C@@H] 9 C C C ( N ) = O ) [C@@] ( C ) ( C C ( N ) = O ) [C@@H] 7 C C C ( N ) = O ) C ( C ) ( C ) [C@@H] 5 C C C ( N ) = O ) [C@H] 2 O
A0A1Q3QC45	N.A.	MKNSNELKKFLPDLIVIILFILISFIYFAPAVMDGRAITQGDSLAAIGIGQEQRDFMKRHDGERTRWNLSMFGGMPSYQMSPTYDSNKPQELAKNAYSLFLPNYICLVFIMLLGFYILMRAFGASPLISALGAIIWAFSSYFFILIAAGHIWKFITLAYIPPTIAGLVYAYRKKYLLGALLVMIFVAFQISANHIQMSYYFLFLMFFMVVAFFVQAVREKKLADFLKSTAVVAIAGLIGVLANSSNLYHTYEYTKETMRGKSELSHHGVENKSKNGLERDYITGWSYGVDETWTLLIPNAKGGSSSARMSENPKAMEQSRPEYRELYKQIGQYWGEQPWTAGPVYVGAFVLTLFILGLFIVKGPIKWALLAGTLFSIFLSWGKNFMPLTDFFIDYVPMYNKFRTVSSILVVAEFCIPLLAALALKEIIQKPETLKSNIKYLSISWAATGGMAILFWLMPKLFFPSYISNFEMQQLQSLPTEHIQAVIGNLTEMRISIFKADAWRSFYIILGGVLILIAFMSDKLKAQWTVAGILLLCLADMWTVNKRYLNDGDFTTKLNEQQIFSQTPTDQHILQDTTKYYRVLNMATNTFDDGITPYYHKTIGGYHAAKLRRYQDLIDIHISKEMGVLQQDIIRTQGAMDSVNADGYKVLNMLNAKWIIMPTQGGTVPIENPYAMGNAWFVDGIQFANNADEEIDALATMDLRTQAVTDKKFEPVLQGFNVSPADSASTIVLADYDSNFITYTVDTKKDELAVFSEIYYPKGWQITIDGQPVQMLRANYTLRALPIPAGRHTVEFRFEPVSIKVTDAVAYAALLIMLLTAAWIVLRKFLFRSNSR	[C@@H] 1 ( [C@@H] ( O [C@@H] ( [C@H] 1 O ) C O P ( O P ( [O-] ) ( O C [C@@H] 1 [C@@H] ( O ) [C@@H] ( O ) [C@@H] ( O 1 ) n 1 c n c 2 c ( N ) n c n c 1 2 ) = O ) ( [O-] ) = O ) N 1 C = C C C ( = C 1 ) C ( = O ) N ) O > [H+] > O [C@@H] ( [C@@H] 1 O C ( [C@@H] ( [C@H] 1 O ) O ) = O ) C	[C@@H] 1 ( [C@@H] ( O [C@@H] ( [C@H] 1 O ) C O P ( O P ( [O-] ) ( O C [C@@H] 1 [C@@H] ( O ) [C@@H] ( O ) [C@@H] ( O 1 ) n 1 c n c 2 c ( N ) n c n c 1 2 ) = O ) ( [O-] ) = O ) N 1 C = C C C ( = C 1 ) C ( = O ) N ) O > [H+] > O [C@@H] ( [C@@H] 1 O C ( [C@@H] ( [C@H] 1 O ) O ) = O ) C
A0A135PV88	3.2.1.26	MIKMTQSRLHAAQNALAKLHERRGNTFYPHFHLAPPAGWMNDPNGLIWFNDRYHAFYQHHPMSEHWGPMHWGHATSDDMIHWQHEPIALAPGDENDKDGCFSGSAVDDNGVLSLIYTGHVWLDSEGNDDAIREVQCLATSRDGIHFEKQGVILTPPEGIMHFRDPKVWREADTWWMVVGAKDPGNTGQILLYRGSSLREWTFDRVLAHADAGESYMWECPDFFSLGDQHYLMFSPQGMNAEGYSYRNRFQSGVIPGMWSPGRLFAQSGHFTELDNGHDFYAPQSFVAKDGRRIVIGWMDMWESPMPSKREGWAGCMTLARELSESNGKLLQRPVHEAESLRQQHQSISPRTISNKYVLQENAQAVEIQLQWELKNSDAEHYGLQLGTGMRLYIDNQSERLVLWRYYPHENLDGYRSIPLPQGDTLALRIFIDTSSVEVFINDGETVMSSRIYPQPEERELSLYASHGVAVLQHGALWQLG	O [C@@H] 1 [C@H] ( [C@H] ( O ) [C@H] ( O C 1 O ) C O P ( [O-] ) ( = O ) [O-] ) O > O C 1 ( O [C@@H] ( [C@@H] ( O ) [C@@H] 1 O ) C O ) C O	O [C@@H] 1 [C@@] ( C O ) ( O [C@H] ( C O P ( [O-] ) ( [O-] ) = O ) [C@H] 1 O ) O [C@H] 1 O [C@@H] ( [C@H] ( [C@@H] ( [C@H] 1 O ) O ) O ) C O > O
A0A4S2B5H1	N.A.	MNKISCFLPYAGKEQVEKTVNSLQATGLIEEIRLITTDTTLESLPGCEILFVDMPYSSATLKAIANAAKGEYTLLYTKETTLEMGVFALERMIHILEDSNAGMVYADHYQIADGKQTNAPVIDYQFGSLRDDFNFGSVLLFDTRRLKQAAERMKSDYKFAGLYDLRLKLSQHSDLVHINEYLYSEVENDTRKSGEKIFDYVDPKNRDRQIEMEQACTEHLKEIGGYLAPEFKKIEFSAGNFEYEASVIIPVRNRIRTIRDAIKSVLMQKADFKYNLIIIDNHSTDGTTEAIDDFKDDERVIHIIPERSDLGIGGCWNMGVHHPKCGKFAVQLDSDDVYKDENTLAIMVRAFYEQNCAMVVGTYMMTDFNMNMIAPGIIDHKEWTPANGRNNALRINGLGAPRAFYTPVLREVKVPNTSYGEDYALGLNFSRQYQIGRVYDVVYLCRRWDDNSDASLDIVKMNGHNLYKDRIRTWELQARIEMNKKNETKH	O = C 1 O C [C@H] ( N C ( c 2 c c c c ( c 2 O ) O ) = O ) C ( O C [C@@H] ( C ( = O ) O C [C@@H] 1 N C ( = O ) c 1 c ( c ( O ) c c c 1 ) [O-] ) N C ( = O ) c 1 c c c c ( O ) c 1 O ) = O > O	O = C 1 O C [C@H] ( N C ( c 2 c c c c ( c 2 O ) O ) = O ) C ( O C [C@@H] ( C ( = O ) O C [C@@H] 1 N C ( = O ) c 1 c ( c ( O ) c c c 1 ) [O-] ) N C ( = O ) c 1 c c c c ( O ) c 1 O ) = O > O
Q983B6	2.1.2.1	MATAAAASNKFESFFETTLEDADPEIFGAIRNELGRQRHEIELIASENIVSRAVLEAQGSIMTNKYAEGYPGKRYYGGCQFVDVAEELAIERAKKLFGCNFANVQPNSGSQMNQAVFLALLQPGDTFMGLDLNSGGHLTHGSPVNMSGKWFKVVSYGVRKEDHLLDMDAIEKTAHETKPKLILAGGTAYSRIWDWKRFREIADAVGAYLMVDMAHIAGLVAGGVHPSPLPHAHVVTTTTHKSLRGPRGGMILCNDEDIAKKMNSAVFPGLQGGPLMHVIAAKAVAFGEALKPSFKVYAESVAANAKALASSLKETGLDIVSGGTDNHLMLVDLRPKNATGKRAEAALGRANITCNKNGIPFDPEKPFVTSGVRLGTPAGTTRGFGQAEFREIGKLIAEVLDGLKIANSDEGNAAVEAAVKAKVVALTDRFPLYPYLG	O = C ( [O-] ) C [NH3+] > O > C ( N [C@@H] ( C C C ( = O ) N [C@H] ( C ( [O-] ) = O ) C C C ( = O ) N [C@H] ( C ( = O ) [O-] ) C C C ( N [C@@H] ( C C C ( [O-] ) = O ) C ( = O ) [O-] ) = O ) C ( [O-] ) = O ) ( = O ) c 1 c c c ( c c 1 ) N 1 C N 2 [C@H] ( C N c 3 [nH] c ( N ) n c ( = O ) c 3 2 ) C 1	C ( [C@@H] ( N C ( C C [C@H] ( N C ( C C [C@@H] ( C ( = O ) [O-] ) N C ( c 1 c c c ( c c 1 ) N C [C@H] 1 C N c 2 n c ( [nH] c ( c 2 N 1 ) = O ) N ) = O ) = O ) C ( [O-] ) = O ) = O ) C C C ( = O ) N [C@@H] ( C C C ( [O-] ) = O ) C ( [O-] ) = O ) ( = O ) [O-] > [C@H] ( C ( = O ) [O-] ) ( [NH3+] ) C O
A0A2V2CVF6	N.A.	MKNKITIAIFLVFLAFFSAGSFLFKDKTFSENENRYLQELPRLTAESVASGAFEQDMEDYVSDRLTGREFLIGAKSLLLAGLGIDEVNGVYFCEDNIYIEKKTDADVDRSIYRANLTALKKYFDALSERGLSREKLCFLPVATASALLREKLPQNAPIFDEFEVLAAAKEELEGYTLIDPSEAVGALETPFYKTDHHWTTDAAYAAYVLWCEATGREARALEEYNIITASDSFRGTLYSKVLRPDAAYDTVRFYLLKDGTEARVWCDGTEKSFTNGFYDMEYLNRKDQYAAFFGGNYGEVRILPEEQPGTGENLLILKDSYANCFVPFLYGYFDNIYMIDLRYFNGNIAEYAEEHEITEVLALYNISSFVDDKTIGKAGLV	O [C@@H] ( C C C C C ) / C = C / [C@H] 1 [C@H] ( O ) C [C@H] ( O ) [C@@H] 1 C / C = C \ C C C C ( [O-] ) = O > c 1 ( n c n c 2 c 1 n c n 2 [C@H] 1 [C@@H] ( [C@H] ( O ) [C@@H] ( C O P ( = O ) ( O P ( = O ) ( O C [C@H] 2 O [C@@H] ( [n+] 3 c c ( c c c 3 ) C ( = O ) N ) [C@@H] ( [C@@H] 2 O ) O ) [O-] ) [O-] ) O 1 ) O P ( [O-] ) ( [O-] ) = O ) N	O [C@@H] ( C C C C C ) / C = C / [C@H] 1 [C@H] ( O ) C [C@H] ( O ) [C@@H] 1 C / C = C \ C C C C ( [O-] ) = O > c 1 ( n c n c 2 c 1 n c n 2 [C@H] 1 [C@@H] ( [C@H] ( O ) [C@@H] ( C O P ( = O ) ( O P ( = O ) ( O C [C@H] 2 O [C@@H] ( [n+] 3 c c ( c c c 3 ) C ( = O ) N ) [C@@H] ( [C@@H] 2 O ) O ) [O-] ) [O-] ) O 1 ) O P ( [O-] ) ( [O-] ) = O ) N
A0A417F976	2.7.1.56	MIYTVTLNPALDKTVEIPGIALDTVNRITEMRTDPGGKGINVSKVIAKLGGESRAVGILGGESGRTLEKLLENENFTTQFRFVEGQTRTNIKIIDRVGHTNTDINEPGLTVTNADLDALLNDLLAEVHAGDIVVLAGSLPKGAPQETYRVWTSACKNAGARVFLDADGALLAEGLKAAPYLIKPNDDELSRLAGRKLETIEELTAEGQKLLESGIERVVISLGGRGALYLRKGSTIYAEGLKVPVGSTVGAGDSVVAALAYAESQDMSEENAVRLSTATGAANVMCSGTQAAERSVIEALLPKVRFSKL	[C@@] 1 ( O [C@@H] ( [C@H] ( [C@@H] 1 O ) O ) C O ) ( O ) C O P ( [O-] ) ( = O ) [O-] > n 1 ( c n c 2 c ( n c n c 1 2 ) N ) [C@@H] 1 O [C@H] ( C O P ( O P ( O P ( = O ) ( [O-] ) [O-] ) ( = O ) [O-] ) ( [O-] ) = O ) [C@@H] ( O ) [C@H] 1 O	O 1 [C@H] ( C O P ( [O-] ) ( = O ) [O-] ) [C@@H] ( O ) [C@@H] ( [C@] 1 ( C O P ( [O-] ) ( = O ) [O-] ) O ) O > [H+] > c 1 n ( [C@H] 2 [C@@H] ( [C@H] ( O ) [C@H] ( O 2 ) C O P ( [O-] ) ( O P ( [O-] ) ( [O-] ) = O ) = O ) O ) c 2 c ( c ( n c n 2 ) N ) n 1
A0A7X5VLG3	N.A.	MNLKGRFPGSTVLLGLMVFASGAGVAAESDATLLRRVADKAAEIEAELIEIRRHLHKHPELSGEEEKTAALVAEKLRTLGLDVETGVGGHGVVAVLRGGKPGPVVAYRADMDAVRTMVVGDAPYKSPVPGVKHVCGHDAHVAIGIGVAEVLAGL	C C C C C C C C C C C C C C ( = O ) O [C@H] ( C C C C C C C C C C C ) C C ( = O ) O [C@H] 1 [C@H] ( O P ( = O ) ( O ) O [C@H] 2 O C [C@H] ( N ) [C@H] ( O ) [C@H] 2 O ) [C@@H] ( C O [C@] 2 ( C ( = O ) O ) C [C@@H] ( O [C@] 3 ( C ( = O ) O ) C [C@@H] ( O ) [C@@H] ( O ) [C@@H] ( [C@H] ( O ) C O ) O 3 ) [C@@H] ( O ) [C@@H] ( [C@H] ( O ) C O ) O 2 ) O [C@@H] ( O C [C@H] 2 O [C@H] ( O P ( = O ) ( O ) O ) [C@H] ( N C ( = O ) C [C@H] ( O ) C C C C C C C C C C C ) [C@@H] ( O C ( = O ) C [C@H] ( O ) C C C C C C C C C C C ) [C@@H] 2 O ) [C@@H] 1 N C ( = O ) C [C@@H] ( C C C C C C C C C C C ) O C ( = O ) C C C C C C C C C C C > C C ( C ) = C C C / C ( C ) = C / C C / C ( C ) = C / C C / C ( C ) = C \ C C / C ( C ) = C \ C C / C ( C ) = C \ C C / C ( C ) = C \ C C / C ( C ) = C \ C C / C ( C ) = C \ C C / C ( C ) = C \ C C / C ( C ) = C \ C O P ( = O ) ( [O-] ) [O-]	C C C C C C C C C C C C C C ( = O ) O [C@H] ( C C C C C C C C C C C ) C C ( = O ) O [C@H] 1 [C@H] ( O P ( = O ) ( O ) O [C@H] 2 O C [C@H] ( N ) [C@H] ( O ) [C@H] 2 O ) [C@@H] ( C O [C@] 2 ( C ( = O ) O ) C [C@@H] ( O [C@] 3 ( C ( = O ) O ) C [C@@H] ( O ) [C@@H] ( O ) [C@@H] ( [C@H] ( O ) C O ) O 3 ) [C@@H] ( O ) [C@@H] ( [C@H] ( O ) C O ) O 2 ) O [C@@H] ( O C [C@H] 2 O [C@H] ( O P ( = O ) ( O ) O ) [C@H] ( N C ( = O ) C [C@H] ( O ) C C C C C C C C C C C ) [C@@H] ( O C ( = O ) C [C@H] ( O ) C C C C C C C C C C C ) [C@@H] 2 O ) [C@@H] 1 N C ( = O ) C [C@@H] ( C C C C C C C C C C C ) O C ( = O ) C C C C C C C C C C C > C C ( C ) = C C C / C ( C ) = C / C C / C ( C ) = C / C C / C ( C ) = C \ C C / C ( C ) = C \ C C / C ( C ) = C \ C C / C ( C ) = C \ C C / C ( C ) = C \ C C / C ( C ) = C \ C C / C ( C ) = C \ C C / C ( C ) = C \ C O P ( = O ) ( [O-] ) [O-]
A0A4R1KET5	5.3.1.1	MRKPLIYGNWKMNLDVKQSDDLVRSLLAVKLEHNVVEVGVAPDFCSLSTVAKTIRDMGAPISVAAQNISQHEKGAFTGEVNVDMAMTAGADTVILGHSERRTVFGESDELINEKVRLALRCRLNVILCVGEILGEREAGVHTEKVLYQLGMGLKGVTTDRVGNVVVAYEPVWAIGTGKTATPADAEEMHAAIRKFLSRLYGPVVANKIRILYGGSVKPDNIGALMLRENVDGALVGGASLNADDFIKIINYYK	O = C [C@H] ( O ) C O P ( = O ) ( [O-] ) [O-]	O = C ( C O ) C O P ( = O ) ( [O-] ) [O-]
A0A2S7YXM6	N.A.	MPLTETFDLFDEVEKTYVPSLDSPEAIAERNIREEQENKERPLKRDKFGFEYGKRFNIKLFSSNSKSINLNNYCLTTRDETKRRNELYNLIESYAILEASSAGKKRNGFDSFISALARIGCYVNSNNIIVGRNPNDFLNTDRLKGLLADKPFNMSKTTAEQFIRCAKKAKILKKIGKSKDCMYMVNPIIHMPYYTKISSEVFFEFPLSSELFFSDEQFKALKLAINDGNFSRDEVKRIEAGIKYERE	C ( / C ( C ) = C \ C # N ) O [C@H] 1 [C@@H] ( [C@@H] ( O ) [C@@H] ( [C@H] ( O 1 ) C O ) O ) O > P ( [O-] ) ( = O ) ( O P ( = O ) ( [O-] ) O C [C@@H] 1 [C@H] ( [C@H] ( [C@@H] ( O 1 ) n 1 c c c ( = O ) [nH] c 1 = O ) O ) O ) [O-] > [H+]	C ( / C ( C ) = C \ C # N ) O [C@H] 1 [C@@H] ( [C@@H] ( O ) [C@@H] ( [C@H] ( O 1 ) C O ) O ) O > P ( [O-] ) ( = O ) ( O P ( = O ) ( [O-] ) O C [C@@H] 1 [C@H] ( [C@H] ( [C@@H] ( O 1 ) n 1 c c c ( = O ) [nH] c 1 = O ) O ) O ) [O-] > [H+]
A0A249C5B0	1.11.1.6	MATDQNPKQRDLESARFRRDTGYLTTQQGVRVDHTDDSLSVGERGPTLLEDFHAREKITHFDHERIPERVVHARGAGAYGYFEPYDDSLSQYTAARFLTTPGLQTPVFVRFSTVAGSRGSADTVRDVRGFATKFYTEQGNYDLVGNNFPVFFIQDGIKFPDFVHAVKPEPHNEIPQAQSAHDTLWDFVALQPETLHTIMWLMSDRALPRSYRMMQGFGVHTFRLVNDRGEGTFVKFHWKPRLGVHSLIWDECQKIAGKDPDYNRRDLWEAIESGQYPEWELGVQLVPEEDEFSFDFDLLDATKIIPEEQVPVRPVGKMVLNRNPDNFFAETEQVAFHTANVVPGIDFTNDPLLQFRNFSYLDTQLIRLGGPNFAQLPINRPVAEVRTNQHDGYGQHAIPQGRSSYYKNTIGGGCPALADENVFRHYTQRLDGQTMRKRAESFENHYSQARMFWMSMTRVEAEHIVAAFAFELGKVEMPEIRSAVVAQLARVDGELAAQVAAKLGLPAPPEEQVDTVTASPALSQVTDAGDTIESRKVAVLAANGVDVVGTQRFIELMGQLGAVVEVLAPVAGGTLEGGSGGELPVDRSFTTMASVLYDAVVVACGPRSIATLSDDGYAVHFVTEAYKHLKPIGAYGAGVDLLRTAGITNRLAEDTDVLNDQSVITTKAAADELPDRFVEEFAGALAQHRCWQRRTDPVPA	O O > O C	C = O > O
A0A4S4B3X5	N.A.	MHTPRYARLLTGALLSLACGAAWSLQPEEQSRAEALFQDNCAVCHAANRGGYIAPALTRDRLVQSEGALRGTIMTGIPDTLMPPFVGRLPDEDIRLLASLIKTRPASAPEWGLEKIRASVEVLVDEKTLPDSPAYRIDSVYDLMVVMARGRYGKGGKEGNAKVVFLDGKNHRVVGELKTDAPHIMDFSPVAERWAWLKSDDGVVHKVDLYTLQVVRRAKAGLTGPGIALSNDGKWLAVSSFVPNSVAILDADTLEPVKYLTLEGKDPDGNFIQSAGGPVIGSRINNKFALTLRQAGQIWIIDPDKPGMPVTKLAGVGRMLHDTFLTPDGRYSMVASYGDNKIVAIDLKEDKVARDIPAGCQPHVGSGAVTEVNGRFLAFGTNIGTCDKGSVVTVWDTKDFSLVKQVPVAGATESPAAHPNAPYVAVDIVDKDKRASLIQLIDKHTLEVARTLEVGGHAFFPEYNRAGDAMYVSAGYWGDRVRIYDSTTLELLAEHRMESPAGIFSRARTRWVTVGLPETRPF	c 1 c ( c c c c 1 ) [C@H] 1 O c 2 c ( c ( O ) c c ( O ) c 2 ) C ( = O ) [C@@H] 1 O > O = C = O > C ( C ( = O ) [O-] ) C C ( [O-] ) = O	c 1 c ( c c c c 1 ) [C@H] 1 O c 2 c ( c ( O ) c c ( O ) c 2 ) C ( = O ) [C@@H] 1 O > O = C = O > C ( C ( = O ) [O-] ) C C ( [O-] ) = O
A0A2R4W274	2.7.7.4	MSQHVAVDNTLSPHGGKLVYRVVEDKEKAKELAKNAKARIPVRGQIARECISIAYGFFSPLEGFMGAKDVDSVVHNMTLANGYVWSIPIVFDMSEEEIEKYGISKGDSVLFTYKEQPLAIFDVEEMFVYDKIAMAKHVYGTDDEKHPGVKRTYDYKAKFLGGKITLINPPVFNPPFDRFWFPPAESRMQFMKNGWTKVVAHQTRNVPHTGHEWLMKGAWFAANADAVLVSCVVGEKRKGDYIDECIVLGQAALREYGYFREDVHMTSMILWDMRYAGPREAVFHAIVRKNLGCTHHMFGRDHAGVGDYYPTYGAHEIFKGLPDLGIKSVLTKEWYYCPVCAGIVYEGFDGHKKQKQKFSGTVIRSIIQQGVKPTRLIFRPEVFDTVMMCADKYGFGSPFVNDNYLENRNPVFTIPPMEV	O = P ( O P ( [O-] ) ( = O ) [O-] ) ( O ) [O-] > P ( = O ) ( [O-] ) ( O S ( = O ) ( [O-] ) = O ) O C [C@H] 1 O [C@H] ( [C@H] ( O ) [C@@H] 1 O ) n 1 c n c 2 c ( N ) n c n c 1 2	[H+] > O ( P ( [O-] ) ( [O-] ) = O ) P ( O P ( O C [C@@H] 1 [C@H] ( [C@@H] ( O ) [C@@H] ( O 1 ) n 1 c 2 c ( c ( n c n 2 ) N ) n c 1 ) O ) ( = O ) [O-] ) ( = O ) [O-] > [O-] S ( = O ) ( [O-] ) = O
A0A2V8C1Z0	N.A.	MIRTRPLTSISMALAGAIFFPAATLPAQNSPSAAATAPRATLDKYCIGCHRGPAPSAGLHLDTLDIANFETNGVTWEKLARKLRNREMPPPGVPRPDAATYDALVKYVETGRDRLAEVKPNPGRPTLHRLNRTEYGNTVRDLLALEIDVTELLPADDIGYGFDNIGDVLQVSPVLLERYLSAARKISRAAVGDTTMPVSYQTYTIPHGLIQLDRSSEAAPVGSRGGTIVRHLFPVDGEYEISVTLQRSRDDQYLGLERERKLDLRLDDQRLKLFAIAGSAKKVVLGGGTPPDAHLKIRVPVKAGTRELAATFLKDTLLKEGIIERVRDDAVPTYFEGVGSITVAGPFNVQGPGKTVTRDKIFVCHPSGAAEEQACAKKILSTLAHRAYRRPLGDGDMTQLLALYNAGAQNGGFESGVRLALQKILVSPGFLFRAEVDPPGAAPGTVYKISDVELASRLSFFLWSSIPDDELLAVAESGRLPEPSVLQGQVKRMLADPRSQALVKNFSGQWLFLRNIARISPDTTAYPNFDENLRQALAKETELLIESQVREDRSVADLLSTDYTFLNQRLAEHYGIKGVYGNEFRRVKLEDPNRYGLLGQASILTVTSYPNRTAPTIRGKWVLEQLLGTPPPPPPPNVPSLKDDATTQKLTMRQRMEQHRASPTCAACHRLMDPVGFALENYDGLGGWRVSTAPGSGPIDSSGALPDGTSFNGPAGLRDVLMKKRDLFVETFTERLLTYALGRGLEEYDQPVIRKITRDAAADDQKWSSIILGIVKSTPFQMRRVSDGAL	[C@H] ( N * ) ( C C C C N C ( C N * ) = O ) C ( = O ) * > * C ( = O ) [C@H] ( C S ) N *	[C@H] ( N * ) ( C C C C N C ( C N * ) = O ) C ( = O ) * > * C ( = O ) [C@H] ( C S ) N *
A0A2V3WQH4	2.2.1.1	MFESIDVKAINTIRSLSIDAVEAANSGHPGLPLGAAPMAYVLWSKFLKINPSTSKAWNNRDRFILSAGHGSALLYSLLHLAGYDVTTEDLKSFRQKDSKTPGHPEVNHTDGVEATTGPLGQGIGMAVGMAMAEAHLAAVYNAPGFPIVDHHTYSICGDGDLMEGVAQEACSLAGHLGLGKLVLLYDSNDISLDGPTNKSFTEDTKAKFKGYGWQYILVEDGNDLSSIYQAIDKAKAETEKPTIIEVKTVIGFGSSNQGTAKVHGAPLGKEDVARIKASYGFEKLKAFEVSEEVKNHFYDEIVDKGKKAEKAWNELFDKYTKAYPKLAAQYLSAHGNDLPENWVNHLPTFEESYQSASRVTSSEIIQSLAENIPYLWGGSADLSSSNHTMIKGAADFGKENYQGRNIWFGVREFAMAAAANGIQLHGGSRVYCGTFFVFVDYLKAAIRLSAIQNNPVTYVLTHDSIAVGEDGPTHEPVEQLASLRSIPNINVIRPADGNETLVAWKIAMEAQSTPTVLVLSRQNLPLIQEANEYAEEGVRRGGYTISKQKGEYPDGILIATGSEVKLALEAQKQLLSEAMDVAVVSLPSFELFNRQSEAYKESVLPKNVEKRLAIEMGSSFGWHQYTGFNGRICSVDKFGASGPGPEIVEMYGFTVEKIVAMYKMID	[O-] P ( O C [C@H] ( [C@@H] ( C ( C O ) = O ) O ) O ) ( = O ) [O-] > C ( = O ) [C@H] ( O ) [C@H] ( O ) [C@H] ( O ) C O P ( [O-] ) ( [O-] ) = O	O = P ( [O-] ) ( O C [C@@H] ( O ) [C@@H] ( O ) [C@H] ( [C@H] ( O ) C ( = O ) C O ) O ) [O-] > C ( [C@@H] ( C O P ( [O-] ) ( = O ) [O-] ) O ) = O
A0A1Y6C062	N.A.	MKQLFTVVFLCATLSISPGCSKNKQTNVEYGNENGILFLANGTEPQGLDPHLTTGVPESNIVESLMEGLTSLHHDSVEPRPAAAENWTVSKDGKRYIFNLRKDGKWSNGDPLTASDFVYSWKRALSPRLGNHYAYMLYHLENAEAYHKQEIQDFTQVGVKALNDFQLEVKLNNPTFFFLQLLSHHSFYPVHPATIEANGGMDNLLSKWTLPASYVGNGPFVLKTWEVNKEISVAKNAQYWDAANVQLNGIHFFPIEGEAAEERAFRGGQVHSTYTMPIEKIATYKEKHADLLKIYPIYGTYFYLFNTTKPPFNDKNVRKAIALAIDRDRIVSRVTKSEEIPSHSLAPPNPDGYIPEQLFEYNLEKAQQYLADAGYPNGEGFPSFEILFNTHDGHRKIAIAVQQMLKQNLNIDVTLLNQEWKVFITTTNNLEYDVARMGWIGDVADATNFFELMITGVGNNRTGWSNEEYDQLMQQVTRTNDRTEREAIFAKLNALLADEMPIAPFYTYTQKIAIQPNVKNWHSNVLIRPDYKSVFLEHVE	C C ( C ) ( C O P ( = O ) ( [O-] ) O P ( = O ) ( [O-] ) O C [C@H] 1 O [C@@H] ( n 2 c n c 3 c ( N ) n c n c 3 2 ) [C@H] ( O ) [C@@H] 1 O P ( = O ) ( [O-] ) [O-] ) [C@@H] ( O ) C ( = O ) N C C C ( = O ) N C C S > * C ( = O ) O C [C@H] ( C O P ( = O ) ( [O-] ) O C [C@H] ( [NH3+] ) C ( = O ) [O-] ) O C ( * ) = O	C C ( C ) ( C O P ( = O ) ( [O-] ) O P ( = O ) ( [O-] ) O C [C@H] 1 O [C@@H] ( n 2 c n c 3 c ( N ) n c n c 3 2 ) [C@H] ( O ) [C@@H] 1 O P ( = O ) ( [O-] ) [O-] ) [C@@H] ( O ) C ( = O ) N C C C ( = O ) N C C S > * C ( = O ) O C [C@H] ( C O P ( = O ) ( [O-] ) O C [C@H] ( [NH3+] ) C ( = O ) [O-] ) O C ( * ) = O
A0A7D4L9U1	7.1.1.8	MKALSQKRRHPLAAIVLLALALILTGGLYTVATATNQAKAESSHAYTQDDVNAGQKLFQANCATCHGMNAEGTADGPSLIGVGAAAVDFQVGTGRMPMQMQGTQAQVKPGEFNEEQTKQLSAYVASLGAGPAIPEAENLDTTKGDAANGARVFLANCAMCHNAAGAGGALTRGKFAPSLMGVSEQHIYEAMETGPQNMPVFNDANLTPQEKRDVITYLKAQEKNVSPGGLKLGSLGPVAEGLLIWSVGLGIVLIFVIWLTSRSA	* S C ( C ) C 1 = C ( C ) C 2 = C c 3 c ( C ( C ) S * ) c ( C ) c 4 n 3 [Fe-] 3 5 n 6 c ( c ( C ) c ( C C C ( = O ) [O-] ) c 6 = C C 6 = [N+] 3 C ( = C 4 ) C ( C ) = C 6 C C C ( = O ) [O-] ) = C C 1 = [N+] 2 5 > * c 1 c ( * ) c ( O ) c ( * ) c ( * ) c 1 O	* C 1 = C ( * ) C ( = O ) C ( * ) = C ( * ) C 1 = O > * S C ( C ) C 1 = C ( C ) C 2 = C c 3 c ( C ( C ) S * ) c ( C ) c 4 n 3 [Fe-2] 3 5 n 6 c ( c ( C ) c ( C C C ( = O ) [O-] ) c 6 = C C 6 = [N+] 3 C ( = C 4 ) C ( C ) = C 6 C C C ( = O ) [O-] ) = C C 1 = [N+] 2 5
A0A6N8CRT5	N.A.	MYLFLIIEGCDDLQQLFFESSWDKTICVKDRQMIHDTYMKTKNDDNTIHFVPLWQALNHNESLLVTVLVHNFSEKRLTFDHKVIKYFEDRKQMAEYVFHLPTLVVEAKTSMPWTFIFPKESVDENAKLENGYLGF	[H+] > O = C C = O > O 1 [C@H] ( [C@@H] ( [C@@H] ( [C@H] 1 C O P ( O P ( [O-] ) ( O C [C@@H] 1 [C@@H] ( O ) [C@@H] ( O P ( [O-] ) ( [O-] ) = O ) [C@@H] ( O 1 ) n 1 c 2 n c n c ( c 2 n c 1 ) N ) = O ) ( = O ) [O-] ) O ) O ) N 1 C = C C C ( C ( N ) = O ) = C 1	[H+] > O = C C = O > O 1 [C@H] ( [C@@H] ( [C@@H] ( [C@H] 1 C O P ( O P ( [O-] ) ( O C [C@@H] 1 [C@@H] ( O ) [C@@H] ( O P ( [O-] ) ( [O-] ) = O ) [C@@H] ( O 1 ) n 1 c 2 n c n c ( c 2 n c 1 ) N ) = O ) ( = O ) [O-] ) O ) O ) N 1 C = C C C ( C ( N ) = O ) = C 1
A0A653XNX9	2.4.2.7	MSPRPNEDHMTTATQYVDRLTATIPDFPTPGILFRDLTPVFADADAFRAIIDELAARFEGRFDAVAGVEARGFLLAAAVAYATHTRLVPIRKAGKLPGEVLREDYGLEYGAAALELRTEQLPAGTRVLILDDVLATGGSCGAAVNLIERAGYEVAGLGLVLELEGLPGRASLSGRDVFSIATAPA	N c 1 n c n c 2 c 1 n c n 2 [C@@H] 1 O [C@H] ( C O P ( = O ) ( [O-] ) [O-] ) [C@@H] ( O ) [C@H] 1 O > O = P ( [O-] ) ( [O-] ) O P ( = O ) ( [O-] ) O	O = P ( [O-] ) ( [O-] ) O C [C@H] 1 O [C@H] ( O P ( = O ) ( [O-] ) O P ( = O ) ( [O-] ) [O-] ) [C@H] ( O ) [C@@H] 1 O > N c 1 n c n c 2 [nH] c n c 1 2
A0A1G2N0W7	N.A.	MNKPLDTTPTLGTPADVSSTDHARGSADASVTIIEYSDFQCPACATYYPLAERLLNESSTTVRFVYRHFPLYPVPHKNALMASEASEAAALQGKFWEMHDILFDNQKLWETSSTAGTIFETYAERIGLDVETYKKDVVSDVVKARVQKDWDEARTLGINSTPTFFVNGKAIVNPNGYEAFKAIIDSAIR	[H+] > c 1 ( c c c ( [O-] ) c c 1 ) [N+] ( [O-] ) = O > O C ( [C@@H] 1 [C@H] ( [C@@H] ( [C@@H] ( O ) [C@@H] ( O ) O 1 ) O ) O ) = O	[H+] > c 1 ( c c c ( [O-] ) c c 1 ) [N+] ( [O-] ) = O > O C ( [C@@H] 1 [C@H] ( [C@@H] ( [C@@H] ( O ) [C@@H] ( O ) O 1 ) O ) O ) = O
A0A4T1ED80	3.6.1.9	MSKFLQQKPIILASSSTIRHKLMKSLGLDFLVVPSNCNEEEIKTRHNSDELVELGITLAKIKALDVSQHYPEHYIIAADQLCIADKRIFNKPLNHQTAVSHLRELSGKQHQQIACLCIVKESKILWQYHETATLTLHHLSEKTIEAYLQAEKPYQSCGAYQYEGLGKWLFKEVQGSEDTILGLPLMPLVNALVNLKVVGI	[H+] > N c 1 n c n c 2 c 1 n c n 2 [C@@H] 1 O [C@H] ( C O P ( = O ) ( [O-] ) [O-] ) [C@@H] ( O ) [C@H] 1 O > O = P ( [O-] ) ( [O-] ) O P ( = O ) ( [O-] ) O	N c 1 n c n c 2 c 1 n c n 2 [C@@H] 1 O [C@H] ( C O P ( = O ) ( [O-] ) O P ( = O ) ( [O-] ) O P ( = O ) ( [O-] ) [O-] ) [C@@H] ( O ) [C@H] 1 O > O
Q02BE6	N.A.	MAWDVLEGAPGAERRDELEEIYLAARRCEGIVLLVRPSIRETISAALGTLECGTNPGPARLYVVEADRAQLALLIRELSKRSLANEATLYHGSLRDLFRDLPLHPGLICTALDFEASEQLLLKAEFPAHTPVLILRAPKGGSQGALQRLISAGILERTGGCPAYRTTRQCNGTGCVPPTALRLALQGRLHERYFLSEFNTQTSYTPVADLTEEIRRDFSVRSPGASGYGKWPYVVLEHAELPLTLPGGKAWPKISVITPSFNQGKYIEQTILSVLHQGYPNVEHIIVDGASTDGTSQVLDRYRDKVALITSEPDRGQSDAINKGMARASGQILTWINSDDMLAPGALAAMAMAFETSGADMVAGICQLYRDGRLVNQHLTSCPDGPLNLNDLLDLDDCWNEGQFFHQPEVMFTQELWVRSGGHVKETLHYSMDYEMWLRFAKAGANLHVIGRPIAWFRVHDEQKTYLPSNFLPELVACRDAFAKEHRIALRPSLNVLAKPSKLRITLLNDHGGFYGAGIAHVRLGRALARAGHDVNLVSILDNPNSGAEFGDYTTQSVVNRVGASNPDLVIVGNLHNAKVDPMLLHLLSERYLTLVVLHDFWTLTGRCGYTGDCEKYLTGCDATCPTPDEYPALAPAEIAESWSKKRAILGAARRPVLLANSQWTAEFARNAFANGSGGDVPSIDICQLSFPLDIFRPRDRRACRETLGLPLDRFIILLPASLEDQRKGGTPLLNALSRLELPDVLVVTLGAVAQGVEAGIDLVQLGFIYDQPRVAMLYSAADLVVGPSTSETFGQVFIEAIACGTPVAGYAVAGVREAIRDGITGVLAADIDPSCLASAVQYLYNRPDLRRDMTHWGRSFVENEWSEFSAYRHLFLALRRLANADVFKLKPKISFLPDTPAPPRRESVWRGSCAWRPRHGFSVVESAPRHGLDDFRWAFGPDAFAEISADTRGIHTVVIGYRNPHDAQHLIMRCNGVAVGAYDLPNTGLETGRFVLQDVSLEAGVNLLHLKFSKWYESGSESRPLAVIVTEILAERVHNENYPDQQLDADKMVATVWGGSAR	C ( C C / C ( = C / C O P ( [O-] ) ( = O ) [O-] ) C ) [C@@H] ( C C C [C@@H] ( C C C C ( C ) C ) C ) C > [C@@H] 1 ( C [C@H] ( O ) [C@H] ( O 1 ) C O P ( [O-] ) ( = O ) O P ( = O ) ( [O-] ) O P ( = O ) ( [O-] ) [O-] ) n 1 c n c 2 c 1 n c ( [nH] c 2 = O ) N	C ( C C / C ( = C / C O P ( [O-] ) ( = O ) [O-] ) C ) [C@@H] ( C C C [C@@H] ( C C C C ( C ) C ) C ) C > [C@@H] 1 ( C [C@H] ( O ) [C@H] ( O 1 ) C O P ( [O-] ) ( = O ) O P ( = O ) ( [O-] ) O P ( = O ) ( [O-] ) [O-] ) n 1 c n c 2 c 1 n c ( [nH] c 2 = O ) N
A0A3B9ZBG6	2.4.1.25	MRAGGVLMHITSLASPYGVGTMGKEAYEFVDFLVAARQTYWQVLPIGPTGYGDSPYSSYSTYAGNPYLIDFDKIKEEGYLRKADYDKINWGDNEEHVDFNILLENKFKVLRKAADRFLKKPADDYEKFLKKNKSWLDDYSLFMAIKSKQGGKSWQEWKKEYKLREKTAINLAKEKYKKEIDFWKITQYFFYKQWNELKKYANKNGILIIGDIPIYVANDSCDVWSNPKEFKLDENLEPIWVAGCPPDGFSEDGQLWGNPTYDWDYMKKNNYKWWVKRIKYAKSLYDVVRIDHFRGFAGYYAIPYGDKNARGGHWEKGPGFNLFKAVFEKCGKDGIIAEDLGFLDKDVITLLKKTNFPGMKLLQFAFDTRDGGAYRPHSYIKNSVAYTGTHDNEPTMGWFKNAKKEDVKRTVTYFNLTKKEGYNWGMMRGVWSSVSDYAIVQAQDLLGLGNEARMNLPSTVGTHNWSWRAKPGVFTEELSEKLAYLMEIYGRCEIID	[C@H] 1 ( [C@H] ( O ) [C@H] ( [C@@H] ( [C@@H] ( C O ) O 1 ) O [C@@H] 1 [C@H] ( O ) [C@H] ( [C@H] ( O [C@@H] 2 [C@H] ( O ) [C@H] ( [C@@H] ( [C@@H] ( C O ) O 2 ) O [C@H] 2 O [C@@H] ( [C@@H] ( O [C@@H] 3 [C@H] ( O ) [C@H] ( [C@@H] ( [C@H] ( O 3 ) C O ) O [C@H] 3 O [C@@H] ( [C@@H] ( O [C@H] 4 O [C@@H] ( [C@@H] ( O [C@H] 5 O [C@H] ( C O ) [C@@H] ( O * ) [C@H] ( O ) [C@H] 5 O ) [C@H] ( O ) [C@H] 4 O ) C O ) [C@H] ( O ) [C@H] 3 O ) C O ) O ) [C@H] ( O ) [C@H] 2 O ) C O ) O ) [C@@H] ( C O ) O 1 ) O ) O ) O [C@H] 1 [C@@H] ( [C@@H] ( O ) [C@H] ( O [C@@H] 1 C O ) O [C@@H] 1 [C@@H] ( C O ) O C ( O * ) [C@H] ( O ) [C@H] 1 O ) O	C ( O ) [C@@H] 1 [C@@H] ( O [C@H] 2 O [C@@H] ( [C@@H] ( O [C@@H] 3 [C@@H] ( [C@@H] ( O ) [C@@H] ( [C@H] ( O 3 ) C O ) O [C@@H] 3 [C@@H] ( [C@@H] ( O ) [C@H] ( O [C@@H] 4 [C@H] ( O ) [C@@H] ( O ) [C@H] ( O [C@H] 5 O [C@@H] ( [C@H] ( [C@@H] ( [C@H] 5 O ) O ) O ) C O ) [C@H] ( O 4 ) C O ) [C@H] ( O 3 ) C O ) O ) O ) [C@H] ( O ) [C@H] 2 O ) C O [C@@H] 2 [C@H] ( O ) [C@@H] ( O ) [C@@H] ( [C@@H] ( C O ) O 2 ) O [C@H] 2 O [C@H] ( C O ) [C@@H] ( O [C@@H] 3 [C@H] ( O ) [C@H] ( [C@@H] ( [C@@H] ( C O ) O 3 ) O [C@H] 3 O [C@H] ( C O ) [C@H] ( [C@@H] ( [C@H] 3 O ) O ) O ) O ) [C@@H] ( [C@H] 2 O ) O ) [C@@H] ( [C@@H] ( O ) [C@@H] ( O [C@H] 2 [C@H] ( O ) [C@@H] ( O ) [C@@H] ( O [C@@H] 3 [C@@H] ( C O ) O [C@H] ( O C [C@@H] 4 [C@@H] ( O [C@H] 5 O [C@H] ( C O ) [C@H] ( [C@H] ( O ) [C@H] 5 O ) O ) [C@H] ( O ) [C@@H] ( O ) [C@H] ( O 4 ) O [C@H] 4 [C@@H] ( [C@H] ( [C@H] ( O [C@@H] 4 C O ) O [C@@H] 4 [C@@H] ( C O ) O [C@H] ( O [C@H] 5 [C@H] ( O ) [C@@H] ( O ) [C@H] ( O [C@@H] 5 C O ) O [C@@H] 5 [C@H] ( O [C@@H] ( [C@H] ( O ) [C@H] 5 O ) O [C@H] 5 [C@@H] ( [C@H] ( [C@@H] ( O [C@@H] 6 [C@H] ( O [C@H] ( O [C@@H] 7 [C@@H] ( C O [C@@H] 8 [C@@H] ( [C@@H] ( O ) [C@H] ( O [C@@H] 9 [C@H] ( O ) [C@@H] ( O ) [C@H] ( O [C@@H] %10 [C@@H] ( [C@@H] ( O ) [C@@H] ( [C@@H] ( C O ) O %10 ) O [C@@H] %10 [C@H] ( O ) [C@H] ( [C@H] ( O ) [C@H] ( O %10 ) C O ) O ) O ) [C@H] ( O 9 ) C O ) [C@H] ( O 8 ) C O ) O ) O [C@H] ( O [C@@H] 8 [C@@H] ( C O ) O C ( [C@H] ( O ) [C@H] 8 O ) O ) [C@@H] ( [C@H] 7 O ) O ) [C@H] ( O ) [C@H] 6 O ) C O ) O [C@@H] 5 C O ) O ) O ) C O ) [C@@H] ( [C@H] 4 O ) O ) O ) O ) [C@@H] ( [C@H] 3 O ) O ) O [C@@H] 2 C O ) O 1 ) O
A0A2E9QF27	N.A.	MWPGQQLIRVLELRCLRFLAIGLLCFLFLPFYSAYGDPEPFGISSGFEESSLKSHLEVFEDSSGTLGLEEVRARPFQKTGDEIWSRGLSDSVHWLRFSLRNDGDSSDPLFLELYYPLLDHVSLFRLLPDGSFSESVTGDRLPFSKREVQHRNFLFLLRIPPGQIRDYYLKVSSQGPLQVPLRLRSGKDILQKDRKTQYVQGLYFGIMLGMVLYNLFLYVSVRYIGYLYYVLYIAALSLFQLIYNGYFFEIFLPDNPLLVNEGLVFSIAIMLFFGIQFSRTFLNTRRYDPLLDRPLVVLQIMALAGGLLVPVLPYAVALNFSVISSVTFVFMAFGAALRRLHKGYRPARFFLIAWSTLLVAILVLSLKQYGFIPYSFLSNYALQIGSGMEVILLSVALGDRIKTIEQEKKEAQAFAYQSLKKAHKIKDEFLYNTSQELREPIEGIVGMSEGLLELASRPEDRPGRLEEIRDGLSVVASTGTIVSGLVNDILDFYRIKNSEIYLNRTPVSAGSVVSVALDLCRPWAVARGIELKMDIPDSVNAVFADEVRLRQILLNLLNNGIKFTQEGSVTVRARDLDRFVEFTIEDTGAGIPPDALEDIFFIFERPELAAGRKGGKGLGLTITRKLIELHGGVIRAESSGKGTRIIFTIPASETGKALLSGLFETSRKAGYQNLADDYSDQEGSHTILLADDDAIHLRAQARRLILAGYRVLSAGNTGALHEHLKRQSVDLVILDLYLSGQNGYELCRQLREKYSLYRMPVIIVGRGRSQAELEAAMDSGANDYLSRPVDRIEMLSRVQMLLELKDSVIERERLLGFEKELDVARSIMERLLPSELALPPGFDGTVLYLPAGTIGGDIYDFYNNECFHLLIADVTGHGVPAALYASMVKIAHTVALRDHTLPDEILGSMHDTLRDQLGQHFVTAGYLRINPATRVLEYSRAGHLPLLILRRSTGQFIELNPAGRLLGLVDDLHLERESLQLESGDRIFCHTDGIHETLNENGHHLGDREFQEMALRSADLAPHQAIAQIIHRLSELSEIPGQVEDDRTMILIDVE	* O [C@@H] 1 [C@H] ( O ) [C@@H] ( C O P ( = O ) ( [O-] ) O P ( = O ) ( [O-] ) O C [C@H] 2 O [C@@H] ( [n+] 3 c c c c ( C ( N ) = O ) c 3 ) [C@H] ( O ) [C@@H] 2 O ) O [C@H] 1 n 1 c n c 2 c ( N ) n c n c 2 1 > O C C ( O ) C O	* O [C@@H] 1 [C@H] ( O ) [C@@H] ( C O P ( = O ) ( [O-] ) O P ( = O ) ( [O-] ) O C [C@H] 2 O [C@@H] ( [n+] 3 c c c c ( C ( N ) = O ) c 3 ) [C@H] ( O ) [C@@H] 2 O ) O [C@H] 1 n 1 c n c 2 c ( N ) n c n c 2 1 > O C C ( O ) C O
A0A5M8IIB4	1.1.1.25	MKVLAVIGNPINHSKSPRIHNNAIKFLGLDAIYTRYLLNDKSLLKEKFLKLRLNGANITIPFKEEALNIADIKDENVVKIGSANTLILKDNKIYAYNTDAPGFLQSIKDYKDIKKALILGAGGSAKAIAFALNSKNIKCTIANRSSSRFKDFKDYKTSLYENLQDFEFDIVINTTPAGLNNDNLPCDENLLNKLLSNAKFGCDIVYGKQTPFLNACKKHKLIFKDGADMLLWQGVFAFELFFDIKDKETLIKQAMQEALTL	[n+] 1 ( c c c c ( c 1 ) C ( = O ) N ) [C@H] 1 [C@@H] ( [C@H] ( O ) [C@@H] ( C O P ( O P ( O C [C@@H] 2 [C@H] ( [C@H] ( [C@@H] ( O 2 ) n 2 c 3 c ( n c 2 ) c ( n c n 3 ) N ) O P ( O ) ( = O ) O ) O ) ( O ) = O ) ( O ) = O ) O 1 ) O > O = C ( [O-] ) C 1 C [C@H] ( [C@@H] ( [C@@H] ( C = 1 ) O ) O ) O	[C@@H] 1 ( O ) C ( = O ) C = C ( C ( [O-] ) = O ) C [C@H] 1 O > [H+] > n 1 c ( N ) c 2 c ( n c 1 ) n ( c n 2 ) [C@@H] 1 O [C@H] ( C O P ( [O-] ) ( O P ( [O-] ) ( = O ) O C [C@H] 2 O [C@@H] ( N 3 C = C C C ( C ( N ) = O ) = C 3 ) [C@@H] ( [C@@H] 2 O ) O ) = O ) [C@@H] ( O ) [C@H] 1 O P ( [O-] ) ( = O ) [O-]
A0A2T7H973	N.A.	MSLRAIAWDIDGTLVDSEPLHHRALVAVCAGYGLEIDPQDQSFVGMHIGHVWDRLRPRFPQTVDERQWHQRIRTYYAEHSGSLVPIPGAVETVRLLAEAGIAQICVSNSEREVVDVNLRSLGLAELLVGSISLDDVPAGKPDPAPYQMAAKALKLPPQDVLAVEDSVTGMRSALAAGMKVALFGGDASGDPPHAHFHPVSLSEIPQFLKPRA	O = C 1 O [C@H] ( [C@@H] ( O ) C O ) [C@@H] ( O ) [C@@H] 1 O > * S C ( C ) C 1 = C ( C ) C 2 = C c 3 c ( C ( C ) S * ) c ( C ) c 4 n 3 [Fe-] 3 5 n 6 c ( c ( C ) c ( C C C ( = O ) [O-] ) c 6 = C C 6 = [N+] 3 C ( = C 4 ) C ( C ) = C 6 C C C ( = O ) [O-] ) = C C 1 = [N+] 2 5	O = C 1 O [C@H] ( [C@@H] ( O ) C O ) [C@@H] ( O ) [C@@H] 1 O > * S C ( C ) C 1 = C ( C ) C 2 = C c 3 c ( C ( C ) S * ) c ( C ) c 4 n 3 [Fe-] 3 5 n 6 c ( c ( C ) c ( C C C ( = O ) [O-] ) c 6 = C C 6 = [N+] 3 C ( = C 4 ) C ( C ) = C 6 C C C ( = O ) [O-] ) = C C 1 = [N+] 2 5
A0A367EPS4	2.7.1.11	MRIGVLTAGGDCPGLNAVIRSVVHRAVHDRGDEVIGFEDGFKGLLEGRYRPLDINSVSGILARGGTILGSARLERARLQEACNDSEELIERLGLDALIPIGGEGTLTAARMLAEIGLPVVGVPKTIDNDISATDRTFGFDTAVTVATEAMDRLKTTAESHQRVMVVEVMGRHAGWIALEAGMAGGAHAICVPERNFEVDDLVKMVEERFSRDKKFAIICVAEGAHPAEGSMPYEKGVIDQYGHERFAGIGNRLAVELEHRLGKEARPVILGHIQRGGTPTAYDRVLATRFGWHAVEAAHRGDFGHMTALRGTEIVMAPLADAVTELKRVPQNRMDETEAVF	c 1 [nH] c ( = O ) c 2 n c n ( c 2 n 1 ) [C@@H] 1 O [C@@H] ( [C@@H] ( O ) [C@H] 1 O ) C O P ( [O-] ) ( O P ( [O-] ) ( = O ) O P ( [O-] ) ( = O ) [O-] ) = O > O C [C@] 1 ( O [C@@H] ( [C@H] ( [C@@H] 1 O ) O ) C O P ( = O ) ( [O-] ) [O-] ) O	[C@H] 1 ( O ) [C@@H] ( O ) [C@@H] ( O [C@@H] 1 C O P ( = O ) ( O P ( = O ) ( [O-] ) [O-] ) [O-] ) n 1 c n c 2 c ( [nH] c n c 1 2 ) = O > [C@@H] 1 ( O ) [C@H] ( O [C@@] ( C O P ( [O-] ) ( = O ) [O-] ) ( O ) [C@H] 1 O ) C O P ( [O-] ) ( = O ) [O-] > [H+]
A0A7W3IVX0	N.A.	MAGAGKQHKITLDESEMPTRWYNVVHDLPTPPPPPLHPGTGQPVGPDDLAPLFPTELIMQEVTGEQYVDIPEEVLDVYRLWRPSPLFRAHRLEAALGTPARIYYKYEGVSPAGSHKPNTAVPQAYYNARAGITKLTTETGAGQWGTALAFACAQYGIDCEVWQVRASYDQKPYRRLMIETFGGTVHPSPSELTAAGRAILAEHPDSTGSLGIAISEAVEIAAQDPSTNYALGSVLNHVLMHQTIIGEEALLQLAKIGETPDLLVGCTGGGSNFGGLMFPFLREKWAGWMNPEVRAVEPSACPSLTQGTYAYDFGDTAGMTPLLKMHTLGHDFVPDPIHSGGLRYHGMSPLISHLYETGEIGAVAKPQSECFAAGVLFARTEGIVPAPEPTHALAAAVEEALACKESGEEKVIVTALCGHGHLDLPAYGAYLEGKVTDTGWDDAELQAAVAEALTRLPALA	N c 1 n c n c 2 c 1 n c n 2 [C@@H] 1 O [C@H] ( C O P ( = O ) ( [O-] ) O P ( = O ) ( [O-] ) O P ( = O ) ( [O-] ) [O-] ) [C@@H] ( O ) [C@H] 1 O > N c 1 n c n c 2 c 1 n c n 2 [C@@H] 1 O [C@H] ( C O ) [C@@H] ( O ) [C@H] 1 O	N c 1 n c n c 2 c 1 n c n 2 [C@@H] 1 O [C@H] ( C O P ( = O ) ( [O-] ) O P ( = O ) ( [O-] ) O P ( = O ) ( [O-] ) [O-] ) [C@@H] ( O ) [C@H] 1 O > N c 1 n c n c 2 c 1 n c n 2 [C@@H] 1 O [C@H] ( C O ) [C@@H] ( O ) [C@H] 1 O
A0A5R9BTN1	6.4.1.1	MQRILIANRGEIATRIIRAAHELGKTAIAIYAKADEFSMHRFKADEAYQVGEDDDPIGAYLNITDIIRVARENDIDAIHPGYGFLSENAEFARAVEEAGIKFIGPRPELLEMFGDKLQAKNTAIKAGVPTIPGTENPVENVEEALKFANQFGYPIFVKSAAGGGGKGMRIVNHEDEMREAFERAQSEASSSFGDDEIYLERYLVDPIHIEVQVIADEHGDMVHLFERNSSIQRRHQKIIEFAPAIGIDSNLRKKIRDAALRLLKSVNYSNAATIEFLVEGDEFFFMEVNPRVQVEHTVTEEVTGVDIVQSQIKIAEGQYLHEEMEIPSQDQIEAVGVAIQARITTEDPMNNFIPDTGRIQTYRSPGGTGVRLDAGNAFAGAIVTPYYDSLLTKAIVHASTFDEALVKMNRVLKEFVIRGVKTNIPFLKKLIQHPIFKSELAPTTFVDNTPELFDLKPETQKVTKLLNYIANTTVNGYPGLDSKNSYLTVNQYHPHFEEPQQQLSAKKILDESGPEAAVEWLKRQPKVLLTDTTMRDAHQSLFATRMRTKDMVEIADQVQKGLPNLFSAEVWGGATFDVAYRFLGEDPWDRLRQLRQKMPNTMLQMLLRGSNAVGYQNYPDNVIDEFIRLSAQNGIDVFRIFDSLNWVPQMEESIKMVRDNNKIAEAAMAYTGDILNPDRAKYDLHYYVSLAKELQAAGAHIIGIKDMAGILRPQAAYELVSELKDQLDIPVHLHTHDTTGNGIYLYSEAIRAGVDVVDVATSAMAGTTSQPSMQSLYYALSGDKRQPDLNIKNAEKLDEYWAGIRPYYEGFGTQLNGPQTEIYQIEMPGGQYTNLHQQANAVRLGDRWDEVKDMYAEVNQMFGDIPKVTPSSKVVGDMALFMVQNDLTPALVMENGEQLNFPESVVNFFRGDLGQPVGGFPKKLQKIILKGEKPLNVRPGSLAKPADFEIERKNASKILGYSASDEEVMSFILYPDVMADYVNRRAEFGPMPLLDTPVFFRGMRIGQRVDLKLGKGQSTIVVLREISDANEDGQRSLFFDVNGQNEEVIIHDINAKITKEQRQKAEPTNDEQIGATMAGSVVSVEVEVGQKVQQGDNLIVTEAMKMETAIRAPFNATIKKIYAKNEMQIETGDLLIELTKG	N c 1 n c n c 2 c 1 n c n 2 [C@@H] 1 O [C@H] ( C O P ( = O ) ( [O-] ) O P ( = O ) ( [O-] ) O P ( = O ) ( [O-] ) [O-] ) [C@@H] ( O ) [C@H] 1 O > O = C ( [O-] ) O > C C ( = O ) C ( = O ) [O-]	N c 1 n c n c 2 c 1 n c n 2 [C@@H] 1 O [C@H] ( C O P ( = O ) ( [O-] ) O P ( = O ) ( [O-] ) [O-] ) [C@@H] ( O ) [C@H] 1 O > [H+] > O = C ( [O-] ) C C ( = O ) C ( = O ) [O-] > O = P ( [O-] ) ( [O-] ) O
A0A6I1FGG0	N.A.	MCTTLKGYEEEVIKLQLTNDNKFWGYRRPDGKVGVRNHVLILPTITCATQAAKQITELVHGTVSFIHQHGCAQVGIDYEQTFRTYVGMGANPNVYGVVVLGLGCETHQARSVAGELAKTNKPVEVVSIQDHGGTLTAIAEGAKIAARMVQEASAQTRELCDISELIIGTECGGSDACSGISANPAVGAVSDMIIEHGGTAILAETTELIGAEHLLAERAVDDRVAKKAYQVIKAMENRSIQMGVDIRTGNPSPGNIRGGLSTLEEKSLGAANKAGSKQLQEVIDYAESPTKKGLVWMDTPGHDIEQLTGMVAGGAQVVLFTTGRGTPTGSPIAPVIKISTNTGIYEKMSENIDLNAGTIIEGKESIESVGTRIFEEIAKVSSGKLTKAEVLKQHDFGIWRIGPTF	C ( = C \ c 1 c c c c c 1 C ( = O ) [O-] ) \ C ( C ( [O-] ) = O ) = O > O	C ( = C \ c 1 c c c c c 1 C ( = O ) [O-] ) \ C ( C ( [O-] ) = O ) = O > O
A0A0Q7Y1Z6	1.6.5.2	MAKVLVLYHSTYGHIETMAYAVAEGARSAGAEVTVLRVPELVPEDVAKASHYKMDQPAAVAKVDDLTEYDAIIVGAGTRFGTVASQMRNFWDQTGGLWFQGKLVGKVGSVFTSTATQHGGQESTILSFIPTFLHHGMVVAGLPYAFQGQMGVEQVKGGSPYGASTITDGDGSRQPSEIELEGARYQGAHVAKIATKLAG	N c 1 c 2 n c n ( [C@@H] 3 O [C@@H] ( [C@@H] ( O ) [C@H] 3 O ) C O P ( O P ( [O-] ) ( = O ) O C [C@H] 3 O [C@@H] ( N 4 C = C ( C ( N ) = O ) C C = C 4 ) [C@@H] ( [C@@H] 3 O ) O ) ( = O ) [O-] ) c 2 n c n 1 > [H+] > C 1 ( C ) = C C ( = O ) c 2 c c c c c 2 C 1 = O	c 1 ( c ( C ) c c ( O ) c 2 c c c c c 1 2 ) O > [O-] P ( = O ) ( O P ( = O ) ( [O-] ) O C [C@@H] 1 [C@@H] ( O ) [C@H] ( [C@H] ( [n+] 2 c c c c ( c 2 ) C ( = O ) N ) O 1 ) O ) O C [C@@H] 1 [C@@H] ( O ) [C@H] ( [C@@H] ( O 1 ) n 1 c n c 2 c ( N ) n c n c 1 2 ) O
A0A2N1HUZ8	N.A.	MVQLERHDNAVTILLTPNRSITWVQAKWIIAFMIAVVMIIAIAWTFVGAWMILPFAGLEAGLFAYLMYKVTRFTYLKQIVTFTEQEITIEMGIDRQQSAESLPRFGTDIYYSETDLNWHTPKITLHNGRQRVQIGQFLNADDMVLLRNELENLGLLICRQHWWKNKD	c 1 n c 2 c ( n 1 [C@@H] 1 O [C@H] ( C O P ( O P ( O C [C@H] 3 O [C@H] ( [C@H] ( O ) [C@@H] 3 O ) N 3 C = C C C ( C ( N ) = O ) = C 3 ) ( = O ) [O-] ) ( [O-] ) = O ) [C@H] ( [C@H] 1 O ) O ) n c n c 2 N > [H+] > [N+] ( [O-] ) # N	c 1 n c 2 c ( n 1 [C@@H] 1 O [C@H] ( C O P ( O P ( O C [C@H] 3 O [C@H] ( [C@H] ( O ) [C@@H] 3 O ) N 3 C = C C C ( C ( N ) = O ) = C 3 ) ( = O ) [O-] ) ( [O-] ) = O ) [C@H] ( [C@H] 1 O ) O ) n c n c 2 N > [H+] > [N+] ( [O-] ) # N
A0A0W7XP25	4.2.1.20	MSAQPISDFYAYPDAAGHFGKFGGRFVAETLIGPLQELSAAYDQARQDPSFIAEYDKDLKHYVGRPSPIYHAERLSREVGGAQILLKREDLNHTGAHKINNTIGQALLASRMGKTRIIAETGAGQHGVASATVAARLGLECVVYMGATDIERQKINVYRMKLLGATVIPVTSGSATLKDALNEAMRDWVTNVRDTFYIIGTVAGPDPYPRMVRDFNAIVGREAREQMLQDYGRLPDAISACVGGGSNAIGLFHAFLNDPGVKIYGAEAAGDGIATGRHAASIAAGRPGVLHGNRTYVICDDDGQITETHSISAGLDYPGVGPEHSFLSDSGRAVYQGITDDEAMAAFHLLAHTEGILAALESSHAVAQSIKLARELPRDALVLCNLSGRGDKDVHTIAAREGIAL	O = P ( [O-] ) ( [O-] ) O C [C@@H] ( O ) [C@@H] ( O ) c 1 c [nH] c 2 c c c c c 1 2 > [NH3+] [C@@H] ( C O ) C ( = O ) [O-]	O = C [C@H] ( O ) C O P ( = O ) ( [O-] ) [O-] > O > [NH3+] [C@@H] ( C c 1 c [nH] c 2 c c c c c 1 2 ) C ( = O ) [O-]
A0A5M4ANZ5	N.A.	MDKHYHMKRLLILLILPVQMAFGQTGQVTLEECYKQARENYPKLSDLDRERQMNHLKVKNLNANWLPTVNLNGQATYQSDVTSVPVSIPGVNISAPSKDQYKVYIDLHQNIYDGGLTKAQKEVDAANLATDKQKLEVEMYSLNDRVNQLYFGIILMQKSHQVLELKKNSITERLRVLESGFKNGVVQARNVETLRAEKILTDQQIEEVDANRVAAVKSLAVLTGLPVDGNTKFQAPAIVQENKDWQRPELKLYNQMENGIDKSADLIAKTRNPKVFGFGQVGYGKPGLNMLQSEFNSYYYVGVGVKWNVFDWKQSRRKREVLDIQKQMINSSRETFKQNVNMALVQSSQNIQKLESLISTDEQLVSIRDKVAAQSASQLENGVITSADYVTDLNAEIQARINLESRKVQYLQAVVNYNTLTGNLSNN	C [N+] ( C ) ( C ) C C O P ( O C [C@H] ( O C ( * ) = O ) C O * ) ( [O-] ) = O > O	C [N+] ( C ) ( C ) C C O P ( O C [C@H] ( O C ( * ) = O ) C O * ) ( [O-] ) = O > O
A0A694XL96	6.1.1.5	MDYKDTLLLPNTTFAMRANLAEFEPKRFEKWFSKNYAYEKMKTKRKEAKKAFTLHDGPPYANGHIHIGHALNKILKETIIKTHYFNGESIRFTPGWDCHGLPIEQQAEIKLGDKKKSLSKKEIRSFCREHANEFVNIQRDEFKSLGVIADWDKPYLTMKFEFEAAIYRTLCEIAKKGLLCERSKPVFWSWAAKSALAEAEVEYEDKEDYSIFVAFDLDEQSCQKLGISKASAVIWTTTPWTLVANQAIALNPNENYVITKEGLIFASALLESMIAKGLTKGEIQKELNAKEFEGLEAINPLNSRKSILIMGEHVLMEGGSGLVHTAPGHGEDDYYACLKYGIEVLMPVDDGGCYDETLRHKGLLPSDLLDEFIGLHIFKANEKILELLGNHLLHSSKFIHSYPFCWRTHKPVIYRATKQWFILMDEPKLKGKTLRECAKEQILKTKFYPQSGVKRIGSMVENRPDWCISRQRDWGTPIAFFRDKNTKEVIFDAELFDFVANIFEKHGADAWWEFEIKDLIPQNSKYNADNLEKVYDILDVWFDSGSTWNAVLNSGIYDAGEKRASMYLEGSDQHRGWFQSSLLVGTAINEFAPYESILTHGFTTDEKGQKMSKSKGNVIAPEYVAKTYGVEILRLWILLSDYSTDLKISDNILKQVGEQYRKIRNTIRFLLANTNDLENLEVEEFSFIDKWILTRATRVFKSAKENFLAYEFAKGFNVLLNFLSADLSGIYLDISKDRLYCDAKNSKRRKSAQVAMALIARELLNLLAPNLTYSVDEALEHANSLIKGDAKDVFDLSLEEKFEYDFNIDDEFLLSVREKFFENIDILKKDKVIKSTLELNLDTNSKLLNSIPKDELNDWFMVSFDENLQGEVLCEFEVENESFRIMKATLCKCPRCWKVESAKEDEPCMRCAEVLKHA	O ( P ( = O ) ( O ) O [C@H] 1 [C@H] ( [C@H] ( * ) O [C@@H] 1 C O ) O ) C [C@H] 1 O [C@H] ( [C@@H] ( [C@@H] 1 O P ( O ) ( O C [C@H] 1 O [C@H] ( [C@@H] ( [C@@H] 1 O ) O C ( = O ) [C@@H] ( N ) [C@H] ( C C ) C ) n 1 c 2 n c n c ( c 2 n c 1 ) N ) = O ) O ) * > [O-] P ( [O-] ) ( O C [C@H] 1 O [C@H] ( [C@@H] ( [C@@H] 1 O ) O ) n 1 c 2 n c n c ( N ) c 2 n c 1 ) = O > O P ( = O ) ( [O-] ) O P ( [O-] ) ( = O ) [O-]	O ( P ( O P ( [O-] ) ( O P ( [O-] ) ( = O ) [O-] ) = O ) ( = O ) [O-] ) C [C@@H] 1 [C@H] ( [C@H] ( [C@@H] ( O 1 ) n 1 c 2 c ( n c 1 ) c ( N ) n c n 2 ) O ) O > [C@H] ( [NH3+] ) ( [C@@H] ( C ) C C ) C ( [O-] ) = O > c 1 n c 2 c ( c ( N ) n 1 ) n c n 2 [C@H] 1 [C@@H] ( [C@@H] ( [C@H] ( O 1 ) C O P ( O [C@H] 1 [C@H] ( [C@H] ( n 2 c c c ( n c 2 = O ) N ) O [C@@H] 1 C O P ( [O-] ) ( = O ) O [C@H] 1 [C@@H] ( O ) [C@H] ( n 2 c c c ( n c 2 = O ) N ) O [C@@H] 1 C O P ( [O-] ) ( O * ) = O ) O ) ( = O ) [O-] ) O ) O
A0A1G0Z1X2	N.A.	MQYLLSILIWLPIAGGGFVLCASDEKNPNVARSVALFNVCLSLIGCIPLFLNFDIHTTKMQYIEHLKWLPDLGINYSLGIDGLSLLLIGLSIITNLIVILATWHSIKEKVAQYMAALLIMQGLLVGVFAATDAILFYVFWEATLIPMYLIIGIWGSENRVYAAIKFFLYTFFGSVLMLASFLYMGNLTHSFKIITFYALPLSMPAQTLIFIAFFLGFAIKIPMFPVHTWLPDAHTEAPAGGSVLLAAILLKLGGYGFIRFALPIVPDACRNYSGIMLTLSLIAVIYIGLVAIVQKDMKKLIAYSSISHMGFVTLGCFSIYTISARAGLPHAGLLLEGAIVVMLSHAFVSSGLFAGVGFIYDRLHSREISSLGGLINTMPKFASLFILFALANAGLPGTSGFVGEFMIILGSMQANFWITVGAATTLILGAAYNLWMIKRAILGPILNVKVATLQDISGFELSAFVLLALMVLAMGIYPRPILDYLHQNTNYILAQADKSKIS	C C ( C ) = C C C / C ( C ) = C / C C / C ( C ) = C \ C = C \ C ( C ) = C \ C = C / C = C ( C ) / C = C / C = C ( / C ) C C / C = C ( \ C ) C C C = C ( C ) C > C C ( C ) = C C C / C ( C ) = C / C C / C ( C ) = C / C C / C ( C ) = C / C C / C ( C ) = C / C C / C ( C ) = C / C C / C ( C ) = C / C C / C ( C ) = C / C C / C ( C ) = C / C c 1 c c ( O ) c ( C ) c ( C ) c 1 O	C C ( C ) = C C C / C ( C ) = C / C C / C ( C ) = C \ C = C \ C ( C ) = C \ C = C / C = C ( C ) / C = C / C = C ( / C ) C C / C = C ( \ C ) C C C = C ( C ) C > C C ( C ) = C C C / C ( C ) = C / C C / C ( C ) = C / C C / C ( C ) = C / C C / C ( C ) = C / C C / C ( C ) = C / C C / C ( C ) = C / C C / C ( C ) = C / C C / C ( C ) = C / C c 1 c c ( O ) c ( C ) c ( C ) c 1 O
A0A554PIP2	2.7.2.3	MTVLKMSDLDLQGKRVLIREDLNVPVKDGVVTSDARILASLPTIKLALEKGAAVMVCSHLGRPTEGEFSAENSLKPVADYLSRALGREVPLVADYLGGVDVKAGDIVLFENVRFNKGEKKNADELAQQYAALCDVFVMDAFGTAHRAEGSTHGVAKFAKVAAAGPLLAAELEALGKALGAPAKPMAAIVAGSKVSTKLDVLNSLSQICDQLIVGGGIANTFLAAAGHPVGKSLYEPDLLDTARAIAAKVSVPLPVDVVVAKEFAESATATVKLIAEVAADDMILDIGPQTAANFAELLKSSKTILWNGPVGVFEFDQFGNGTKVLAQAIAESAAFSIAGGGDTLAAIDKYGVAEQISYISTGGGAFLEFVEGKVLPAVEVLESRAKA	O = P ( [O-] ) ( O C [C@H] ( C ( = O ) O P ( [O-] ) ( = O ) [O-] ) O ) [O-] > n 1 c 2 c ( N ) n c n c 2 n ( c 1 ) [C@@H] 1 O [C@H] ( C O P ( [O-] ) ( = O ) O P ( [O-] ) ( = O ) [O-] ) [C@@H] ( O ) [C@H] 1 O	O ( P ( = O ) ( O P ( O C [C@H] 1 O [C@@H] ( n 2 c n c 3 c 2 n c n c 3 N ) [C@H] ( O ) [C@@H] 1 O ) ( = O ) [O-] ) [O-] ) P ( [O-] ) ( = O ) [O-] > [C@@H] ( O ) ( C O P ( = O ) ( [O-] ) [O-] ) C ( = O ) [O-]
A0A1F3T4M1	N.A.	MIRKIIHIDEVKCDGCELCIPNCPEGAIQIIEGKARLVSDMFCDGLGACLGHCPQGAITTEEREAEDYDERAVIEKIVRQGPAVVAAHLEHLRDHGELEYLKVAEDYLAEKGLTGGSPAKPEPKGFCGCPGSAERKIDRTPKSACTTTSVSGESSLTHWPVQLHLISPDSVHFKNCDLLIAADCVAFSFGSFHSRLLDGKKLTIFCPKLDQGLDIYREKVLALIDRAKVNTLTVAIMEVPCCRGLLQIVVDAARSASRRVPVKCMIIGVEGGILSDEWVSV	Cl C = C ( Cl ) Cl	Cl C = C ( Cl ) Cl
A0A5K1S4H6	1.1.1.31	MTDIAFLGLGNMGGPMAANLLKAGHRVNVFDLQPKAVLSLVEQGAQGADSALQCCEGAEVVISMLPAGQHVESLYLGADGLLARVAGKPLLIDCSTIAPETARKVAEAAAAKGLTLLDAPVSGGVGGARAGTLSFIVGGPAEGFARARPVLENMGRNIFHAGDHGAGQVAKICNNMLLGILMAGTAEALALGVKNGLDPAVLSEVMKQSSGGNWALNLYNPWPGVMPQAPASNGYAGGFQVRLMNKDLGLALANAQAVQASTPLGALARNLFSLHAQADAEHEGLDFSSIQKLYRGKG	C C ( C O ) C ( = O ) [O-] > N C ( = O ) c 1 c c c [n+] ( [C@@H] 2 O [C@H] ( C O P ( = O ) ( [O-] ) O P ( = O ) ( [O-] ) O C [C@H] 3 O [C@@H] ( n 4 c n c 5 c ( N ) n c n c 5 4 ) [C@H] ( O ) [C@@H] 3 O ) [C@@H] ( O ) [C@H] 2 O ) c 1	C C ( C = O ) C ( = O ) [O-] > [H+] > N C ( = O ) C 1 = C N ( [C@@H] 2 O [C@H] ( C O P ( = O ) ( [O-] ) O P ( = O ) ( [O-] ) O C [C@H] 3 O [C@@H] ( n 4 c n c 5 c ( N ) n c n c 5 4 ) [C@H] ( O ) [C@@H] 3 O ) [C@@H] ( O ) [C@H] 2 O ) C = C C 1
A0A4P5X368	N.A.	MRIRRFAAALAGGLVMVAVLETGRAAEEFNMGVTTAGIQLGSHVSGPQLTPQSLAHRVVLLEFWGVSCPPCIASMPKLEEAHQELAPQGLVVIGAHAQGGDPAAVRAAAAELGITFTIVAEASVQGGNDFQGIPHCMLFDHTGKCVYRGSPFRAHDAILAAVKAAPSGLLEGRRLEKLAALNEGLRNEAAFGPALRKAASLTSSKDAATADEAKFVVEKLEAHGRRMLAAGVEMKAANPAGAADLVQRCSTAFKGSDVGAEAADTLREWKKDKGFQTAIKAAQQLAKLQVLRANVLRAFGDEPDGKITPEMVKAVPAPTRRQMTDAVRGIQKTAPGSETAATALRLATEFALDVGAAP	C C ( C ) [C@@H] ( C ) / C = C / [C@@H] ( C ) [C@H] 1 C C [C@H] 2 C 3 = C C = C 4 C [C@@H] ( O ) C C [C@] 4 ( C ) [C@H] 3 C C [C@@] 2 1 C > C C C C C C C C / C = C \ C C C C C C C C ( = O ) S C C N C ( = O ) C C N C ( = O ) [C@H] ( O ) C ( C ) ( C ) C O P ( = O ) ( [O-] ) O P ( = O ) ( [O-] ) O C [C@H] 1 O [C@@H] ( n 2 c n c 3 c ( N ) n c n c 3 2 ) [C@H] ( O ) [C@@H] 1 O P ( = O ) ( [O-] ) [O-]	C C ( C ) [C@@H] ( C ) / C = C / [C@@H] ( C ) [C@H] 1 C C [C@H] 2 C 3 = C C = C 4 C [C@@H] ( O ) C C [C@] 4 ( C ) [C@H] 3 C C [C@@] 2 1 C > C C C C C C C C / C = C \ C C C C C C C C ( = O ) S C C N C ( = O ) C C N C ( = O ) [C@H] ( O ) C ( C ) ( C ) C O P ( = O ) ( [O-] ) O P ( = O ) ( [O-] ) O C [C@H] 1 O [C@@H] ( n 2 c n c 3 c ( N ) n c n c 3 2 ) [C@H] ( O ) [C@@H] 1 O P ( = O ) ( [O-] ) [O-]
A0A2N7G715	1.3.1.9	MVIKPIIKGMVARSAHPYGCEQSILEQIQFVKSADPIKEGPKRVLILGASSGFGLASRIALSFGGSHADTIGVSLERGPKSKGGASAGWYNNYYFKQQAEKAGRIAINIDGDAFAKDTRTKVIEAIETYFEGEVDLIIYSLATGVRPNPATGELWRSSIKPIGQDLTSSIISLEDDKWDDVILKAATEQETEETIKVMGGEDWESWIDTLINSESIAQGCQTIAFSYVGPEITHPLYLDGTLGRAKIDLHQTSHSLNLKLANFSGGAYATVCKALVTKASVYIPGLTPYIIALYKVMKQEGVHEGCIEQMQRLFRDRLFNQSKVPLDGERLLRMDDFELKPEIQNKVSFLLSKMNQDNFKEIADYQGFKADFLKLNGFNYEAVNYNDPVNIDEFIDTSD	C ( [C@@H] 1 [C@H] ( [C@H] ( [C@@H] ( O 1 ) n 1 c n c 2 c 1 n c n c 2 N ) O ) O ) O P ( [O-] ) ( = O ) O P ( O C [C@@H] 1 [C@H] ( [C@H] ( [C@@H] ( O 1 ) N 1 C = C ( C ( = O ) N ) C C = C 1 ) O ) O ) ( = O ) [O-] > C ( S C ( = O ) / C = C / C C C C C C C C C ( C ) C ) C N C ( = O ) C C N C ( = O ) [C@H] ( O ) C ( C O P ( = O ) ( [O-] ) O C [C@H] ( N * ) C ( = O ) * ) ( C ) C	C ( C C C C C C C C C C C ( S C C N C ( C C N C ( [C@H] ( O ) C ( C ) ( C O P ( [O-] ) ( O C [C@H] ( N * ) C ( = O ) * ) = O ) C ) = O ) = O ) = O ) ( C ) C > n 1 c n c ( c 2 n c n ( [C@@H] 3 O [C@@H] ( [C@H] ( [C@H] 3 O ) O ) C O P ( O P ( O C [C@H] 3 O [C@@H] ( [n+] 4 c c c c ( c 4 ) C ( = O ) N ) [C@@H] ( [C@@H] 3 O ) O ) ( = O ) [O-] ) ( [O-] ) = O ) c 2 1 ) N
A0A7Y8M9Z2	N.A.	MTTRAAEPPHPTRLRLLEAALTVIRTKGYAAARVEDVCAEAGLTKGSFFHHFRSKEELAIAAAAHWSEMTGRLFAGAPYHGHEDPLDRVLGYVDFRRSLLEGALPEFTCLVGTMVQEVYATDPAIDRACADSIEGHAATLEADIDAARAAYGVHGAWTTRGLALHTQAVLQGAFILAKAEGGPAIAAESVDHLHRYISLLFGRDPARARPPSPATEKESR	O c 1 c c c ( C [C@H] 2 N C C c 3 c c ( O ) c ( O ) c c 3 2 ) c c 1 > C [S@@+] ( C C [C@H] ( [NH3+] ) C ( = O ) [O-] ) C [C@H] 1 O [C@@H] ( n 2 c n c 3 c ( N ) n c n c 3 2 ) [C@H] ( O ) [C@@H] 1 O	O c 1 c c c ( C [C@H] 2 N C C c 3 c c ( O ) c ( O ) c c 3 2 ) c c 1 > C [S@@+] ( C C [C@H] ( [NH3+] ) C ( = O ) [O-] ) C [C@H] 1 O [C@@H] ( n 2 c n c 3 c ( N ) n c n c 3 2 ) [C@H] ( O ) [C@@H] 1 O
A0A1F0BL50	3.5.4.16	MDTQKIEEAVKMIIEAVGEDANREGLQETPARVARMYQEIFSGLGQTAEEHLSKSFEIIDDNMVVEKDIFFHTMCEHHFLPFYGRAHIAYIPDGRVAGLSKLARTVEVYSKKPQIQERLNIEVADALMEYLGAKGAFVVIEAEHMCMSMRGVRKPGTATLTTVARGLFETDKDLRDQAYRLMGL	[H+] > N c 1 n c 2 c ( n c n 2 [C@@H] 2 O [C@H] ( C O P ( = O ) ( [O-] ) O P ( = O ) ( [O-] ) O P ( = O ) ( [O-] ) [O-] ) [C@@H] ( O ) [C@H] 2 O ) c ( = O ) [nH] 1 > O	N c 1 n c ( N [C@@H] 2 O [C@H] ( C O P ( = O ) ( O ) O P ( = O ) ( O ) O P ( = O ) ( O ) O ) [C@@H] ( O ) [C@H] 2 O ) c ( N C = O ) c ( = O ) [nH] 1
